,comments,sentiment,types
0,ดีค่ะ วิทยากรมีความรู้ดีมาก พูดเข้าใจ การสอนมีแต่เนื้อไม่มีน้ำ ตรงประเด็นมาก เลยรู้สึกว่าทุกคลิปที่ดู ได้ความรู้แบบไม่เสียเวลาดูไปเปล่าๆ แต่คิดว่าคอร์สนี้อาจจะต้องมีพื้นฐานทางด้านbusiness/marketingมาบ้างเพราะมีการใช้ศัพท์เฉพาะหลายๆอย่าง ส่วนตัวเคยเรียนมาเลยรู้เรื่อง คิดว่าดีที่ได้เอาไปต่อยอดเองได้ง่าย แต่ถ้าคนเริ่มจาก0เลยอาจจะเข้าใจยากบางจุดค่ะ แล้วก็อยากให้แจกไฟล์ที่สอนเป็นpdfด้วยเพราะไฟล์ที่แจกไม่ละเอียดเท่าอันที่สอนอะค่ะ,pos,ชมบ้างติบ้าง
1,ชอบมาก เหมาะสมหรับผู้ที่มีผู้ฐานเรื่องการตลาด และการบริหารธุรกิจ ช่วยเติมเต็มและส่งเสริมเสริมองค์ความรู้เดิมและใหม่ให้ดียิ่งขึ้น เรีนยนง่าย ชอบตรงที่ไม่น้ำเยอะ สรุปๆ มาเลย เข้าใจง่าย เพราะเหลือคือการลงมือทำจริง,pos,ชอบมาก
2,คอร์สเนื้อหาแน่น และผู้สอนก็สอนได้ละเอียด มีขั้นตอนการสอนที่ชัดเจน ดีมากครับ,pos,ชัดเจนเห็นภาพ
3,คอร์สนี้ช่วยให้หลักการและกรอบในการดำเนินงานด้าน GTM ได้ค่อนข้างชัดเจนครับ,pos,ชัดเจนเห็นภาพ
4,สอนแบบมี Logic และ วิธีการที่ชัดเจน ชอบมากค่ะ,pos,ชัดเจนเห็นภาพ
5,เห็นภาพรวมได้ดีครับ อยากให้มีเป็น bootcamp สำหรับด้านธุรกิจต่อไป,pos,แนะนำคอร์ส
8,เปิดโลกมากๆ,pos,ชอบมาก
9,เป็นคอร์สที่มีประโยชน์มาก เข้าใจง่าย มีการยกตัวอย่างเพื่อให้เห็นภาพ คนที่เริ่มใหม่สามารถเข้าใจได้ง่ายๆ,pos,แนะนำคอร์ส
11,อธิบายมีขี้น มีลำดับที่ดีชัดเจน ไม่คิดว่าคอร์ส 1 ชั่วโมงจะพูดได้เยอะขนาดนี้,pos,ชัดเจนเห็นภาพ
13,เริ่มจากพื้นฐานจนถึงการนำไปปฏิบัติ และยกตัวอย่างให้เข้าใจได้,pos,แนะนำคอร์ส
15,ได้ไอเดียแนวคิดเพื่อไปต่อยอดหรือวิเคราะห์เพิ่มเติมได้ดี,pos,แนะนำคอร์ส
18,สามารถนำไปต่อยอดได้,pos,สามารถนำไปใช้
19,ดี,pos,สอนดี
20,อ่านมาเล่า,pos,เข้าใจมากขึ้น
21,มีหลายอย่างตรงกับงานที่กำลังจะใช้ แต่เนื้อหาค่อนข้างยาก อยากให้มีแนะนำคอร์สก่อนหน้า,pos,แนะนำคอร์ส
22,"less explanation in github which quite hard to follow for the one who doesn't familiar with jupyter, tensorflow, python",pos,เข้าใจมากขึ้น
23,เรียนสนุก เนื้อหาแน่น พอมองเห็นถาพ,pos,ชมบ้างติบ้าง
24,ชอบ,pos,เข้าใจมากขึ้น
25,ทำให้รู้ว่าการออกแบบ หรือระบบเป็นยังไง,pos,เข้าใจมากขึ้น
26,อธิบายเข้าใจดีครับ,pos,เข้าใจมากขึ้น
28,คนที่สนใจงานด้านนี้ควรเข้ามาฟัง,pos,เข้าใจมากขึ้น
29,รู้ว่าData Scientist คืออะไร ใช้ทำอะไรในองค์กร,pos,ชมบ้างติบ้าง
30,อธิบายเก่งดีค่ะ แต่ตรงช่วงคำถามมันจะแบบ คะ...? เพราะอาจจะพูดเร็วด้วย ละพูดเยอะด้วย แต่เนื้อหาที่ไม่ได้ตั้งใจฟังเท่าไหร่กลับเอามาถาม แต่โชคดีค่ะที่ตั้งใจเรียน ตอบได้ตอบถูกหมดเลย,pos,ชมบ้างติบ้าง
31,5 ทำให้เข้าใจการทำงานของ chatbot มากขึ้น เพื่อนำไปใช้ในการทำงานจริงได้,pos,สามารถนำไปใช้
32,This course is basic LINE Chatbot. It's ok for beginner study.,pos,เข้าใจมากขึ้น
33,เนื้อหาดี ผู้สอนถ่ายทอดความรู้ได้ดี เข้าใจง่าย ขอบคุณมากค่ะ,pos,ชอบมาก
35,ผู้สอนเรียบเรียงเนื้อหาทำให้เข้าใจง่ายครับ,pos,เข้าใจมากขึ้น
39,ถ่ายทอดดี เข้าใจง่ายค่ะ,pos,สอนดี
40,แนะนำให้มาเรียนเลยครับ,pos,แนะนำคอร์ส
41,ได้ความรู้ดี เข้าใจง่าย กระชับ,pos,เข้าใจมากขึ้น
42,สอนง่ายเข้าใจเร็ว,pos,เข้าใจมากขึ้น
43,เข้าใจง่ายมากครับ,pos,เข้าใจมากขึ้น
45,ดีมากกก,pos,สอนดี
46,ดีมาก,pos,สอนดี
47,5,pos,เข้าใจมากขึ้น
48,สอนได้ดีมากๆ เลยครับ เรียนรวดเดียว จบภายในวันเดียว แนะนำเลยครับ แต่ละคลิปไม่ยาวไม่สั้นเกินไป ดูรอบแรกให้เข้าใจทั้งหมดก่อน แล้วค่อยมานั่งเก็บรายละเอียดทีหลัง,pos,สอนดี
49,เนื้อหาเข้าใจง่ายมาก จากที่ไม่รู้เรื่อง LIFF เลยว่ามันทำงานอย่างไร ได้เรียนคอร์สนี้ซึ่งเป็นพื้นฐานที่ดีมาก ทำให้อยากเรียนคอร์สที่เกี่ยวกับ LIFF ต่อเลยครับ,pos,ชมบ้างติบ้าง
50,คอร์สนี้ดีผู้บรรยายสอนลำดับทำให้เข้าใจได้กว่าที่คิดมาก เยี่ยม,pos,สอนดี
51,ทำให้เข้าใจภาพรวมที่จะนำไปประยุกต์กับงานของตนเองได้,pos,เข้าใจมากขึ้น
53,อธิบายง่าย ภาพประกอบชัดเจน,pos,ชัดเจนเห็นภาพ
54,นักพัฒนา LIFF ควรดูครับ,pos,เข้าใจมากขึ้น
55,cool,pos,เข้าใจมากขึ้น
56,"Good foundation for SQL for beginner with detailed explanation and encouragement to give yourself a try. Quite difficult in the middle part onwards, but provides many exercises for practicing. Still recommended.",pos,เข้าใจมากขึ้น
58,เนื้อหาของส่วน Basic SQL มี command ให้เลือกใช้เยอะมาก ปกติตอนเรียนในห้องจะไม่ได้มี command ตรง select เยอะขนาดนี้ ปกติจะไปเน้นที่ where แต่คอร์สนี้มี command ให้ดูเยอะมาก,pos,ชอบมาก
59,เป็นคอร์สที่เหมาะสำหรับผู้เริ่มต้นเรียนรู้และฝึกทักษะการเขียน SQL เนื้อหาโดยรวมรวบรัดและเหมาะสมดีครับ สนุกกับการลองเขียนโค้ด(แบบฝึกหัด) ในแต่ละบทเรียน ผิดบ้างถูกบ้าง แต่ก็ทำให้สนใจอยากเรียนรู้และฝึกเขียนต่อครับ,pos,ชมบ้างติบ้าง
60,เนื้อหา และ ตัวอย่าง ดีกว่าคอร์ส SQL อื่นๆ ที่เคยเรียนมา เหมือนตั้งใจแบบว่าให้เรียนแล้วสามารถนำไปใช้ได้เลย,pos,ชมบ้างติบ้าง
61,"เข้าใจง่าย นำไปใช้ต่อได้จริง
ข้อความมีผิดอยู่บ้าง แต่เป็นในแง่ตัวสะกดต่าง ๆ ยังไม่กระทบต่อเนื้อหาหลัก",pos,สามารถนำไปใช้
63,ดร.ต้าสอนดี ใช้ภาษาที่ง่าย เครื่องมือแบบฝึกหัดทำใด้ดี เหมาะกับคนไม่มีพื้นฐานมาก่อน แนะนำค่ะ,pos,สอนดี
64,ได้เรียนรู้เกี่ยวกับพื้นฐานทั้งหมดเลยครับ สามารถเริ่มต้นจาก 0 จนถึงการใช้งานแบบจริงๆได้,pos,แนะนำคอร์ส
65,เหมาะกับผู้ที่ต้องการเข้าใจพื้นฐานการเขียน SQL เพื่อนำไปศึกษาต่อเพิ่มเติม,pos,แนะนำคอร์ส
68,สอนเข้าใจง่าย มีระบบให้ได้ลองทำ ทำให้เข้าใจและทำได้จริงง่ายขึ้นกว่าเดิมครับ,pos,เข้าใจมากขึ้น
69,เป็นคอร์สเรียนที่เหมาะกับการทำงานในปัจจุบันมาก,pos,ชอบมาก
70,หัวข้อของบทเรียนดีมากครับ คาดว่าน่าจะได้นำไปใช้ในการทำงาน,pos,สามารถนำไปใช้
71,ให้กำลัังใจดีมากครับ กำลังจะท้อแล้วเชียวว,pos,สอนดี
72,ยากจัง ต้องดูซ้ำๆหลายๆรอบ,pos,เข้าใจมากขึ้น
73,เป็นคอสที่ดีครับ,pos,สอนดี
74,ดีมากค่ะ,pos,สอนดี
75,ตอบโจทย์เรื่องการปูพื้นฐานสำหรับผู้เริ่มต้นใช้งาน Power BI มากเลยครับ ชอบส่วนที่เป็นแบบฝึกหัดที่มีเพื่อให้เราได้กลับไปฉุกคิด และทบทวนบทเรียนที่ผ่านมา ถ้าให้ดีอาจจะมีส่วนที่เป็นโปรเจ็คเพิ่มเติม ผมคิดว่าน่าจะได้ลองนำไปใช้ดูนะครับ,pos,ชมบ้างติบ้าง
76,อธิบายละเอียด และค่อยเป็นค่อยไปดีมากครับ แนะนำเลยครับสำหรับคนเริ่มต้น ถ้าใครเรียนคอร์ส Excel มาก่อนด้วยก็จะดีครับ เพราะสองโปรแกรมนี้มักเชื่อมโยงกัน และจะเห็นภาพมากขึ้นเมื่อเรียน Power Bi,pos,แนะนำคอร์ส
77,เป็นคอร์สสอน Powe BI ที่ทำให้รู้สึกว่าการเริ่มใช้งาน Power BI ไม่ได้ยากอย่างที่คิด และทำให้รู้สึกว่าสามารถนำไปต่อยอดได้ง่ายมากขึ้น,pos,ชมบ้างติบ้าง
78,ดีมากครับ  เหมาะสำหรับผู้เริ่มต้นสนใจ ทำ Data Visualization โดยใช้ Power BI  หรือคนที่อยากทบทวนความรู้พื้นฐาน  ให้ฐานแน่นขึ้น,pos,แนะนำคอร์ส
79,เป็นคอร์สที่ดีมาก ละเอียด มีประโยชน์กับคนที่ทำงานแล้วใช้ Power BI อยู่แล้วจะดีมากๆเพราะสามารถต่อยอดได้,pos,สอนดี
80,เป็นครอสสอนการใช้งาน Power BI ในระดับเริ่มต้นได้อย่างครอบคลุมและง่ายต่อการที่เริ่มเรียนรู้อะไรใหม่ๆ,pos,แนะนำคอร์ส
81,เหมาะกับคนที่ไม่มีพื้นฐานด้าน BI มาก่อน ก็สามารถเข้าใจได้ง่าย อธิบายฟังก์ชันการใช้งานต่างๆครบถ้วน,pos,แนะนำคอร์ส
82,เป็นไปตามขั้นตอนที่ควรจะเรียนรู้ โดยเริ่มจากเครื่องมือที่ต้องใช้ ไปจนถึงวิธีคิดที่จะได้ผลลัพธ์,pos,ชมบ้างติบ้าง
83,เป็นคอร์สที่สอนตั้งแต่เริ่มต้นติดตั้งโปรแกรมและอธิบายเครื่องมือต่างๆ อย่างละเอียด พร้อมกับมีไฟล์ให้ฝึกฝนเพื่อความเข้าใจ และมีประโยชน์มากค่ะ,pos,แนะนำคอร์ส
84,สามารถapply สิ่งที่เรียนไปใช้ได้จริงเกิดประโยชน์มากในการช่วยวิเคราะห์ข้อมูลปริมาณมากๆ,pos,สามารถนำไปใช้
85,มีประโยชน์สำหรับมือใหม่ หรือผู้เริ่มต้นเรียนเป็นอย่างมาก เนื้อหาและการสอนที่เข้าใจง่าย นำไปสู่การใช้ประโยชน์ได้ดีเลยทีเดียว,pos,แนะนำคอร์ส
86,เหมาะกับคนเริ่มต้น จะ ถึงขึ้นที่เริ่มทำ วิเคราะห์ข้อมูลได้ ดี,pos,แนะนำคอร์ส
87,เหมาะสำหรับคนที่ต้องการพื้นฐานการใช้งาน ง่ายต่อการนำไปต่อยอด,pos,แนะนำคอร์ส
90,ได้ทราบเทคนิคต่าง ๆ นำมาปรับใช้ในงาน ได้ประโยชน์มากค่ะ,pos,ชอบมาก
91,แนะนำให้เรื่อง เข้าใจงาน มีตัวอย่างให้ทดลองทำ เพื่อไปปรับใช้กับงานปัจจุบันที่ทำอยู่,pos,เข้าใจมากขึ้น
93,สั้น กระชับ ดีมาก คาดว่าสามารถนำไปทำแดชบอร์ดได้จริง,pos,สามารถนำไปใช้
95,ดีค่ะ แต่พอนั่งดูเฉย ๆ แล้วทำให้ลืมง่าย ถ้ามีโอกาสปฏิบัติตามด้วยจะดีมาก,pos,ชมบ้างติบ้าง
99,เป็นหบักสูตรที่ดี ได้ค้นหา รวบรวมและวิเคราะห์ข้อมูล,pos,สอนดี
100,ถ้าต้องการเน้นพื้นฐาน แนะนำให้เรียนคอร์สนี้เลยครับ,pos,แนะนำคอร์ส
101,เนื้อหาน้อยเกินไป สำหรับที่จะนำไปใช้งานได้จริง สำหรับคนที่เริ่มต้น,pos,สามารถนำไปใช้
104,คอร์สเขียนเรียน4ถึง6ชั่วโมง เวลาเรียนจริงประมาณ2ชั่วโมง,pos,สามารถนำไปใช้
105,กดฟังเปลี่ยนคลิปบ่อยเกินไป,pos,เข้าใจมากขึ้น
108,สุดยอดมากๆค่ะ,pos,ชอบมาก
109,เข้าใจง่ายละเอียดดี,pos,สอนดี
110,น่าเรียนมาก,pos,ชอบมาก
111,เข้าใจง่าย,pos,เข้าใจมากขึ้น
112,Good,pos,เข้าใจมากขึ้น
113,4,pos,เข้าใจมากขึ้น
114,อาจารย์ช่วยเปิดมุมมองการนำข้อมูลมาเป็นส่วนหนึ่งของการออกแบบผลิตภัณฑ์ รวมถึงแชร์ประสบการณ์จริง ทำให้เห็นภาพของการทำงานร่วมกันหลายฝ่าย ข้อดีและข้อควรระวังของการใช้ข้อมูล,pos,สามารถนำไปใช้
116,ได้ความรู้เพื่มเติมเกี่ยวกับ UX researcher รวมทั้งภาพประกอบที่ทำให้เห็นถาพมากขึ้น,pos,เข้าใจมากขึ้น
117,เป็นคอร์สที่ทำให้คนที่ไม่ได้เรียนสายนี้ได้เห็นอะไรใหม่ๆ มีมุมมองที่กว้างขึ้นค่ะ,pos,ชมบ้างติบ้าง
118,เหมาะสำหรับผู้เริ่มต้นหรือผู้ที่สงสัยว่าศาสตร์นี้คืออะไร ทำงานยังไง,pos,ชมบ้างติบ้าง
119,ได้ความรู้แน่นมาก เป็นประโยชน์ต่อการนำไปปรับใช้ในอนาคตได้,pos,ชอบมาก
120,ได้ทราบแนวคิดการนำ data ไปใช้วิเคราะห์ในสถานการณ์จริง,pos,สามารถนำไปใช้
121,สรุปได้ดีเยี่ยม เข้าใจง่าย นำไปปรับใช้ได้ดี,pos,เข้าใจมากขึ้น
122,สอนทีละสั้นๆ ใช้เวลาไม่นาน เห็นภาพชัดเจน,pos,ชัดเจนเห็นภาพ
123,ทำคอร์สดีๆแบบนี้อีกนะคะ รอติดตามนะคะ,pos,เข้าใจมากขึ้น
124,เป็นประโยชน์มากได้เข้าใจข้อมูลมากขึ้น,pos,ชอบมาก
126,สนุก น่าสนใจ,pos,เข้าใจมากขึ้น
127,ดีมากกกกเลย,pos,สอนดี
128,ระบบเน็ตแย่มาก,pos,เข้าใจมากขึ้น
129,5 ดาว,pos,เข้าใจมากขึ้น
130,"เนื้อหาดีเข้าใจง่าย มีแบ่งเป็นคลิปให้สามารถดูได้ว่าถึงไหนแล้ว มี peer pressure จาก % ที่เรียนไปถึงไหน 55555

แต่อยากเพิ่มเติมว่า อยากให้อัพเดท example หน่อยค่ะ เพราะแค่ของ fb ตอนนี้ interface ก็ไปไกลมากแล้ว อยากให้อัพหน่อย เพราะปัจจุบันก็มีเคสน่าสนใจเกิดขึ้นเพิ่มค่า ขอบคุณมากค่ะ",pos,ชมบ้างติบ้าง
131,อาจารย์บรรยายดี ไม่น่าเบื่อ มีการเเบ่งหัวข้อชัดเเจนเเละมีการทำGoalsให้เราProactiveเรื่อยๆ เป็นกันเองมากๆเเม้จะเป็นการเรียนออนไลน์ เเนะนำมากๆค่า,pos,ชอบมาก
132,best introduction to data science with overview and example which are easy to follow and get the  whole idea of data science,pos,เข้าใจมากขึ้น
133,ใครยังไม่รู้ว่า DATA SCIENCE คืออะไร เค้าทำงานยังไง คอร์สนี้บอก SCOPE ของงานได้ชัดเจน ตัวอย่างเยอะมากๆ เข้าใจง่ายค่ะ,pos,ชมบ้างติบ้าง
134,ช่วยปูพื้นฐานความเข้าใจเรื่อง data science ได้ดีมากครับ เหมาะสำหรับคนที่อาจจะอยากรู้จักงาน data science ให้มากขึ้น,pos,เข้าใจมากขึ้น
136,Slide อ่านง่าย เข้าใจง่าย อ.วิโรจน์พูดชัดเจนไม่สะดุด แบ่งหัวเรื่องและ Timestamp ชัดเจน ง่ายต่อการกดดูกลับไปกลับมา,pos,ชัดเจนเห็นภาพ
137,เป็นการปูพื้นของการเป็น data scientist ที่ดีเลยครับ สำหรับใครที่กำลังจะเข้ามาด้านนี้ คอร์สนี้ถือว่าเหมาะเลยครับ,pos,แนะนำคอร์ส
138,เหมาะสำหรับคนที่อยากรู้ว่า Data science คืออะไร งานที่ทำคืออะไร ทำอะไรให้บริษัทได้บ้าง ถ้ารู้อยู่แล้ว แต่อยากรู้ว่าเริ่มทำยังไง 1 2 3 อันนี้ไม่เหมาะ,pos,ชมบ้างติบ้าง
139,ชอบอาจารย์วิธีการสอนของอาจารย์ต้ามากครับ ทุกๆครั้งจะมีการสรุปปิดท้ายทำให้เข้าใจแบบจริงๆ,pos,เข้าใจมากขึ้น
140,เนื้อหาเข้าใจง่าย และวิธีการแบ่งแต่ละ section ดีมาก เพราะทำให้รู้สึกว่าไม่เยอะเกินไป,pos,ชมบ้างติบ้าง
141,คอร์สดี แต่เพื่อความเชี่ยวชาญ ต้องทบทวนหรือฟังหลายๆรอบและลองทำจริงถ้ามีโอกาส,pos,ชมบ้างติบ้าง
144,ได้เข้าใจมุมมองที่กว้างและครอบคลุมมากขึ้นสำหรับ data scientist และส่วนประกอบที่เกี่ยวข้องอื่น ๆ มากขึ้น,pos,เข้าใจมากขึ้น
145,มีตัวอย่างประกอบเนื้อหา ทำให้สามารถเห็นภาพ และเข้าใจได้ง่ายขึ้นค่ะ,pos,เข้าใจมากขึ้น
146,ช่วยให้มองภาพรวมของการทำงานเป็น Data Scientist ได้ชัดเจนขึ้นมาก,pos,ชัดเจนเห็นภาพ
147,ได้เห็นภาพรวมของ ประโยชน์ของ Data และการนำไปใช้ ของ Data Science,pos,เข้าใจมากขึ้น
148,"อยากดูตัวอย่างการทำงานจริงของ data science แล้ว tool ที่ใช้
กับบริษัทในไทย หรือ simulate company มา",pos,สามารถนำไปใช้
149,คอร์สดีครับ ทำให้เข้าใจภาพรวมของ data science process มากขึ้น,pos,เข้าใจมากขึ้น
150,ได้แนวคิด และการจัดการขั้นตอนกระบวนการ การวิเคราะห์ข้อมูล,pos,เข้าใจมากขึ้น
151,ฮธิบาย ยกตัวอย่าง จากสิ่งที่เข้าใจยาก ให้เข้าใจง่ายขึ้น,pos,เข้าใจมากขึ้น
152,ถ้าต้องการเป็น Data Sci ยังไงก็ต้องคอร์สนี้เลย ปูทาง,pos,ชมบ้างติบ้าง
153,สามารถนำความรู้ไปประยุกต์ใช้กับงานที่ปฏิบัติอยู่ได้,pos,สามารถนำไปใช้
154,เข้าใจบทบาทของ Data Science มากกว่าที่เคยรู้มาอีก,pos,เข้าใจมากขึ้น
155,เป็นการเปิดมุมมองใหม่ด้าน data science ที่ดีครับ,pos,สอนดี
156,คอร์สนี้อธิบายให้เห็นภาพและเข้าใจง่ายมากครับ,pos,เข้าใจมากขึ้น
157,เข้าใจง่าย เหมาะกับคนที่ยังไม่ค่อยมีความรู้ว่า Data Science คืออะไร,pos,ชมบ้างติบ้าง
158,คอร์สออนไลน์นี้ดีมากๆ ได้ความรู้เพิ่มเติม,pos,สอนดี
159,ได้แนวทางใหม่ๆเยอะ ดูมีแนวโน้มในอนาคตด้วย,pos,เข้าใจมากขึ้น
160,ทำให้เห็นภาพ Data worker มากขึ้นครับ,pos,เข้าใจมากขึ้น
161,ให้ข้อมูลและความรู้ที่เห็นภาพชัดเจน,pos,ชัดเจนเห็นภาพ
162,แนะนำพื้นฐานได้ครอบคลุม แต่ว่าตัวอย่างแอบเก่าไปนิดนึงๆ,pos,แนะนำคอร์ส
163,สอนเข้าใจง่าย คลิปไม่ยาว กำลังพอดี,pos,เข้าใจมากขึ้น
165,ได้รับความรู้ดี สรุปเห็นภาพของ Data science ได้ชัดเจน,pos,ชัดเจนเห็นภาพ
166,ได้ทำความความเข้าใจเบื้องต้นเกี่ยวกับ data science,pos,เข้าใจมากขึ้น
168,ให้เห็นภาพกว้างของ Data science,pos,เข้าใจมากขึ้น
169,ดีขึ้นได้มีการแนะนำในด้านต่างๆ,pos,แนะนำคอร์ส
170,เนื้อหาชัดเจน เข้าใจง่ายดีค่ะ,pos,ชัดเจนเห็นภาพ
172,เข้าใจง่าย เรียนสะดวกสบายมาก,pos,เข้าใจมากขึ้น
173,กระชับ เข้าใจง่าย บรรยายดี,pos,สอนดี
174,ให้ความรู้ชัดเจนดีมากครับ,pos,ชัดเจนเห็นภาพ
175,หลักการเรียนดีเกินคาดมาก,pos,สอนดี
176,อธิบายชัดเจน เข้าใจง่าย,pos,ชัดเจนเห็นภาพ
177,ได้รับความรู้เยอะมากค่ะ,pos,ชอบมาก
178,เปิดโลกให้ตัวเองได้เลย,pos,เข้าใจมากขึ้น
180,ดีมากพูดเนื้อหาได้ดี,pos,สอนดี
181,ได้ความรู้เยอะมากกก,pos,ชอบมาก
182,ลองมาเรียนค่ะ เปิดโลกดี,pos,สอนดี
183,เข้าใจง่ายไม่ซับซ้อน,pos,เข้าใจมากขึ้น
184,Can improve,pos,เข้าใจมากขึ้น
185,Goodddd,pos,เข้าใจมากขึ้น
186,5ดาว,pos,เข้าใจมากขึ้น
187,ดี,pos,สอนดี
188,คอร์สนี้สอนให้เข้าใจหลักการเบื้องต้นในการทำ Dashboard ที่ดี เข้าใจง่าย ตรงกับความต้องการของ User ช่วยปูพื้นฐานที่ดีสำหรับการเรียนรู้การใช้ Tools ต่างๆในการทำ Dashboard เช่น Power BI ต่อไป  และเช่นเคยครับ จังหวะ และวิธีการอธิบายของอาจารย์ ทำให้เข้าใจเนื้อหา รวมทั้งเหตุผล ที่มาที่ไปของเรื่องที่เรียน ชอบครับ,pos,แนะนำคอร์ส
189,โดยรวมก็โอเคนะ รู้สึกหลายอย่างมันcommon sense เคสที่นำมาให้ดูก็น่าสนใจ แต่รู้สึกว่าคอร์สนี้ไม่ค่อยมีinteraction เลยทำให้เนื้อหาใหม่ค่อยติดอยู่ในหัวเท่าไหร่ เวลากลับมาดูก็เข้าใจ แต่ไม่ค่อยมีจุดไหนที่stand outและทำให้recallให้เอาไปใช้ในสถานการณ์จริง quizรู้สึกง่ายไป เหมือนlistening comprehensionมากกว่าการที่จะต้องมาคิดวิเคราะห์คำตอบ โดยร่วมเป็นคอร์สที่relaxดีแต่ถ้าเกิดพูดเรื่องvalueที่ได้กลับมา อาจรู้สึกว่าความรู้ก่อนเรียนกับหลังเรียนไม่ได้มีการupskillมากนัก,pos,ชมบ้างติบ้าง
190,ทำให้เข้าใจในการออกแบบทำกราฟมากขึ้นกว่าเดิมเปลี่ยนมุมมองการทำกราฟแบบเดิมๆทำให้เข้าใจว่าคำถามที่เราคิดขึ้นมาควรใช้กราฟแบบไหนในการตอบคำถามของเรา,pos,เข้าใจมากขึ้น
191,เข้าใจมากขึ้นสำหรับความแตกต่างของการเลือกใช้ รูปแบบต่าง ๆ ในการนำเสนอผลการวิเคราะห์ข้อมูล ที่ทำให้ผู้อ่านเข้าใจถูกต้อง,pos,เข้าใจมากขึ้น
192,อธิบายและยกตัวอย่างเข้าใจง่ายมากๆ การแบ่งคลิปเป็น session เล็กๆทำให้ข้อมูลไม่ overload มากเกินไป แต่อยากให้ผู้สอนแชร์ Handout เพื่อจะได้จดสรุปง่ายและเห็นตัวอย่างชัดเจนขึ้น,pos,ชัดเจนเห็นภาพ
194,เห็นภาพ framework ในการทำ dashboard ได้ชัดเจนและได้ key word ในการหาความรู้ด้วยตัวเองต่อไปได้,pos,ชัดเจนเห็นภาพ
195,อธิบายได้เข้าใจง่าย พร้อมประกอบการยกตัวอย่าง คนไม่มีพื้นฐานก็สามารถเรียนได้เข้าใจ,pos,แนะนำคอร์ส
196,จริงๆ อาจารย์ผู้ถ่ายทอด สอนดีมากๆๆๆๆๆๆๆๆๆๆ แต่ติดนิดนึง ตรงยกตัวอย่าง ไม่มีข้อมูล EXAMPLE มาโชว์ มันเลยยังเห็นภาพไม่สุด,pos,สอนดี
197,เป็นความรู้ที่ดีมากสามารถนำไปต่อยอดในการทำธุรกิจหรือทำประโยชน์ต่างๆได้,pos,สามารถนำไปใช้
198,เป็นพื้นฐานความรู้ที่ดีมาก สามารถนำไปค่อยๆปรับใช้กับการทำงานได้เลย,pos,สามารถนำไปใช้
199,เป็นคอร์สที่ดีมีประโยชน์เหมาะอย่างยิ่งสำหรับในยุคปัจจุบัน,pos,สอนดี
200,น่าจะทำใหเห็นภาพรวม และ พอนึกถึงการนำไปใช้ได้ดี,pos,เข้าใจมากขึ้น
201,ได้มุมมองใหม่ๆไปปรับใช้ได้เยอะและดีครับ,pos,สอนดี
202,มีเนื้อหาที่สามารถนำไปใช้ได้จริง !!!,pos,สามารถนำไปใช้
204,เข้าใจ ชัดเจน เห็นภาพ จำไปใช้ได้,pos,ชัดเจนเห็นภาพ
205,เข้าใจง่าย ตัวอย่างตรงประเด็น,pos,เข้าใจมากขึ้น
206,ดีตรงดูได้เรื่อยๆ แต่ Quiz น้อยไปนิด,pos,สอนดี
207,ได้รู้หลักการทำ dashboard หลายๆแบบ,pos,เข้าใจมากขึ้น
208,ดีค่ะ บอกจุดพลาดมีเคส,pos,สอนดี
209,คอร์ส Ok ค่ะ,pos,แนะนำคอร์ส
212,เป็นคอร์สที่เปิดมุมมองความคิด และทำให้เราเห็นภาพมากขึ้น และชอบที่มีการคั่นด้วยแบบฝึกหัดทำให้เราได้คิดจริงในขณะที่กำลังเรียนอยู่,pos,เข้าใจมากขึ้น
213,เนื้อหาหลายวิดีโอ แต่เป็นวิดีโอสั้น รู้สึกว่ามันทำให้บทเรียนดูยาวมากกว่าเดิม ชอบแบบให้วิดีโอยาวทีเดียวเป็นเรื่องๆ 1 วิดีโอ 1 หัวข้อหลักไปเลยค่ะ แต่คนสอนดี อธิบายเข้าใจค่ะ,pos,ชมบ้างติบ้าง
214,ได้ความรู้ในมุมกว้างทีสามารถส่งต่อให้คนรอบข้างหรือแนะนำในการเรียน แนะนำการเรียนรู้ได้มากขึ้นและเข้าใจมากขึ้น,pos,เข้าใจมากขึ้น
215,ชอบตัวอย่างต่าง ๆ ที่ยกมาประกอบในแต่ละขั้นตอน ทำให้เห็นภาพการใช้งาน design thinking มากขึ้น,pos,เข้าใจมากขึ้น
216,เป็นการแนะนำที่เข้าใจมากๆและสามารถนำไปใช้ได้จริงทั้งธุรกิจและใช้ดำเนินการแก้ไขปัญหาได้จริง,pos,สามารถนำไปใช้
217,Very helpful usage of examples and easy to apply to any project.,pos,เข้าใจมากขึ้น
218,เป็นคอร์สที่สะดวกง่ายต่อการใช้งานมาก และเข้าใจได้ง่าย,pos,ชอบมาก
219,ทำให้เราพํฒนากระบวนการคิดและสร้างสรรค์งานได้มากขึ้น,pos,เข้าใจมากขึ้น
220,Better to use one innovation as an example from empathy to test. This will totally help to understand the whole process of design thinking.,pos,เข้าใจมากขึ้น
222,ได้กระบวนการคิดที่เป็นระบบมากขึ้น,pos,เข้าใจมากขึ้น
223,คิดว่ามันมีประโยชน์มากต่อสมอง,pos,ชอบมาก
225,มีความรู้มากขึ้นมากค่ะ,pos,ชอบมาก
227,ดีมากครับ,pos,สอนดี
228,เยี่ยม,pos,เข้าใจมากขึ้น
229,ตอนแรกๆ ได้อ่านหนังสือเกี่ยวกับ Node js มาพอประมาณแล้ว พอมาดูคลิปนี้ ทำให้เข้าใจมากขึ้นครับ,pos,เข้าใจมากขึ้น
231,สอนดีมากครับ แต่ต้องมีพื้นมาบ้างก่อนเรียนช่วงหลังๆ,pos,สอนดี
233,ทำให้เข้าใจ การเขียนโปรแกรมใหม่..,pos,เข้าใจมากขึ้น
234,คอร์สสำหรับเริ่มต้น แนะนำเลยครับ,pos,แนะนำคอร์ส
235,อธิบายได้เข้าใจและเห็นภาพมากครับ,pos,ชอบมาก
238,ระเอียดเข้าใจง่ายมากกก,pos,เข้าใจมากขึ้น
240,ดีมากจริงๆ,pos,สอนดี
241,เหมาะสำหรับคนที่อยากลองเริ่มต้นพื้นฐาน Express ครับ ชอบ Instructor ท่านนี้ด้วย สอนเข้าใจง่าย ใช้คำพูดเล่าเรื่องได้ดีครับ,pos,แนะนำคอร์ส
242,"ชอบVueมากๆเลยครับ
สอนเปรียบเทียบระหว่าง Vue 2 และ 3 ได้ดีเลย",pos,ชอบมาก
244,"มีการข้ามส่วนของการเขียน Code ไปเยอะหากเทียบกับคอร์สสอนฟรี เข้าใจว่าจำกัดเวลาให้กระชับแต่เนื้อหาแอบเข้าใจยาก ปล.ผมพอมีพื้นฐาน javascript , React มาบ้างเรียนแล้วงงๆ เทียบกับคอร์ส javascript  ES6 อธิบายได้เห็นภาพมีสไลด์ประกอบด้วย",pos,ชมบ้างติบ้าง
246,ทำให้เห็นความสำคัญของ Cybersecurity ซึ่งเป็นเรื่องใกล้ตัว ที่นำไปใช้งานได้จริงในขีวิตประจำวันครับ,pos,สามารถนำไปใช้
247,ทำให้ได้รู้จักภัยไซเบอร์ ความเสี่ยงที่อาจจะเกิดขึ้น และ เราควรจะต้องระวัง ปฏิบัติตนเช่นไร,pos,ชมบ้างติบ้าง
249,ทำให้ทราบความเสี่ยงที่จะเกิดขึ้น การป้องกันต่างๆ,pos,เข้าใจมากขึ้น
251,ได้ความรู้เพิ่มมากขึ้น,pos,เข้าใจมากขึ้น
252,ได้ทราบข้อมูลเพิ่มขึ้น,pos,เข้าใจมากขึ้น
253,เพราะคอร์สนี้เน้นปูพื้นฐานการ dev UI ล้วนๆ เพราะฉะนั้นทำให้ ไม่ค่อยได้แต่ตัว bussiness logic เท่าไหร่,pos,แนะนำคอร์ส
254,เหมาะสำหรับผู้ที่กำลังจะเริ่มต้นกับ Kubernetes เพื่อเรียนรู้พื้นฐานให้เข้าใจก่อนไปใช้ทำงานจริง,pos,แนะนำคอร์ส
255,สอนได้ดีมากครับ อธิบายได้ละเอียดและเข้าใจครับ,pos,สอนดี
256,สอนได้ดีมากเลยครับบ,pos,สอนดี
257,ปูพื้นฐานการเขียนโปรแกรมด้วย Python ได้อย่างเข้าใจง่าย และเกิดแรงบันดาลใจในการเรียนรู้เพิ่มเติมมากยิ่งขึ้น,pos,แนะนำคอร์ส
258,เป็นการสอนที่สามารถเข้าใจได้ง่ายสำหรับคนทั่วไปที่ต้องการเรียนรู้ในคอร์ส,pos,แนะนำคอร์ส
259,เนื้อหาเข้าใจง่าย เรียนรู้เรื่อง,pos,เข้าใจมากขึ้น
260,ดีมากสอนให้เข้าใจง่ายมากขึ้น,pos,เข้าใจมากขึ้น
262,ให้ความรู้ชัดมากครับ,pos,ชอบมาก
263,สู้ๆครับ,pos,เข้าใจมากขึ้น
264,คอร์สนี้ทำให้รู้จักวีธีเขียนคิวรี่แบบใหม่ๆ ทำให้เข้าใจลำดับการทำงานของคิวรี่มากขึ้น แล้วสามารถนำมาปรับใช้ได้จริง,pos,สามารถนำไปใช้
265,โดยรวมเนื้อหาค่อนข้างครบถ้วนและเรียบเรียงดี หากเพิ่มตัวอย่างที่ใกล้เคียงกับ real world use เข้าไปเพิ่มจะทำให้ course นี้ดีมากขึ้นไปอีกครับ,pos,เข้าใจมากขึ้น
266,ดีมากๆ ครับ มีตัวอย่างให้ลองทำจนเข้าใจ,pos,เข้าใจมากขึ้น
267,ชอบที่อธิบายได้เข้าใจง่าย มีการยกตัวอย่างการใช้งานจริง ทำให้นึกภาพตามได้ชัดเจน และพาทำที่ละสเตปตั้งแต่พื้นฐาน สามารถทำตามได้,pos,ชัดเจนเห็นภาพ
268,อธิบายเป็นขั้นตอน เข้าใจง่าย เห็นภาพชัดเจน ยกตัวอย่างได้ชัดเจน ทำให้เข้าใจว่า Docker คืออะไรและนำมาใช้งานได้ยังไง ดีเลยค่ะ,pos,ชัดเจนเห็นภาพ
269,ผู้บรรยายสอนดีมากค่ะ การจัดการเนื่อหาในการสอนและ slide ช่วยให้เห็นภาพมากขึ้น และเข้าใจง่าย สามารถนำไปใช้ได้จริงค่ะ,pos,สามารถนำไปใช้
270,อธิบายละเอียด ไม่เร็วจนเกิินไป และ เข้าใจง่าย,pos,เข้าใจมากขึ้น
271,ดีเกินคาดครับ นำไปใช้งานได้เป็นอย่างดีมากครับ,pos,สามารถนำไปใช้
272,ทำให้เข้าใจมากขึ้น มากกว่าไปลองผิด ลองถูกเอ็ง,pos,เข้าใจมากขึ้น
273,ทำให้เข้าใจในการใช้งาน docker มากยิ่งขึ้น,pos,เข้าใจมากขึ้น
276,ชอบๆ สอนเข้าใจง่ายมากครับ,pos,เข้าใจมากขึ้น
277,ดีครับ แนะนำเลย,pos,สอนดี
278,เยี่ยมจริงๆครับ,pos,เข้าใจมากขึ้น
281,เหมาะสำหรับคนไม่มีพื้นฐาน อธิบายวิธีใช้ได้แบบเข้าใจง่าย ใช้ไปสักพักจะมีความเคยชินแล้วมั่นใจที่จะสร้างdashboardขึ้นมาเอง เข้าใจว่าที่จริงแล้วเป็นplatformที่ถูกดีไซน์มาให้ใช้ง่ายอยู่แล้วแต่ก็ชอบที่คอร์สพยายามempathizeและตอบข้อสงสัยของคนที่ไม่เคยใช้มาก่อน มีการย้ำค่อนข้างดี ถ้ามีproblem setให้นักเรียนฝึกหลังเรียนจบจะดีมาก โดยรวมเป็นคอร์สที่สนุกดี,pos,ชมบ้างติบ้าง
283,การลำดับหัวข้อ การเล่าเรื่องเนื้อหาดีมาก ทำตามได้ไม่ยาก เนื้อหาครอบคลุมสิ่งที่ต้องการ เจาะละเอียดทุก Feature สามารถไปลองทำจริงฝึกเองในกรณีซับซ้อนขึ้นได้,pos,สามารถนำไปใช้
285,คอร์สเรียนเหมาะสมกับโลกในปัจจุบันมาก เพราะสามารถนำความรู้ที่ได้รับนำไปใช้ในการทำงานได้เป็นอย่างดี,pos,สามารถนำไปใช้
286,"วิทยากรบรรยายละเอียดเข้าใจง่าย ไม่ซับซ้อน 
สามารถทำตามในแต่ละ Path ได้",pos,เข้าใจมากขึ้น
288,ได้เรียนรู้เทคนิคต่าง ๆ สำหรับการใช้ Google data studio,pos,แนะนำคอร์ส
289,สำหรับคนที่เคยมาไกลสุดแค่ pivot มันเปิดโลกมากครับ,pos,แนะนำคอร์ส
290,คลิปท้าย ๆ ภาพผู้บรรยายบังจอในจุดที่กำลังอธิบาย ทำให้ดูยากไปหน่อย,pos,เข้าใจมากขึ้น
291,สอนละเอียด สาธิตวิธีการทำแบบเข้าใจง่ายมากๆ,pos,เข้าใจมากขึ้น
292,ได้นำมาปรับใช้กับการทำ Data Studio จริงๆ,pos,เข้าใจมากขึ้น
293,สอนเข้าใจง่ายและสามารถนำไปใช้งานได้จริง,pos,สามารถนำไปใช้
294,ได้เรียนรู้วิธีการทำ Dashboard ที่ให้ง่ายและเข้าใจ,pos,เข้าใจมากขึ้น
295,วิทยากรสอนดี ได้รับความรู้มาก,pos,สอนดี
296,วิทยากร สอนได้ดีมากค่ะ,pos,สอนดี
297,นำไปใช้กับงานที่ทำได้,pos,สามารถนำไปใช้
298,มีประโยชน์ใช้ได้จริง,pos,สามารถนำไปใช้
299,รู้ในสิ่งที่ไม่เคยรู้ ดีงามมาก,pos,ชอบมาก
300,สามารถนำไปปรับใช้ ได้กราฟสวยๆ,pos,สามารถนำไปใช้
301,เนื้อหาบางส่วนดูวนไปวนมา,pos,เข้าใจมากขึ้น
302,ดีมากเลยครับ,pos,สอนดี
304,ชอบมากเลยค่ะที่แต่ละคลิปมีความยาวไม่เกิน10นาที เลยรู้สึกไม่อิดออดเลย ไปต่อได้เรื่อยๆ และครูก็สอนเข้าใจมากด้วยค่ะ แต่ติดตรงที่ถ้ามีคำถามจะต้องรอคำตอบนานมากทำให้ไปต่อไม่เป็นเลย,pos,ชมบ้างติบ้าง
305,"ผู้สอนอธิบายเข้าใจง่าย เนื้อหาภายในสั้นกระชับ แบ่งหัวข้อชัดเจน ทำให้กลับมาทบทวนจุดที่สงสัยหรือลืมได้ไม่ยาก

อยากให้อัพโหลดสไลด์ให้ด้วย จะช่วยให้จดจ่อกับเรื่องที่เรียนได้ดียิ่งขึ้น นั่งฟังอย่างเดียวแล้วบางทีหลุดง่ายครับ 55",pos,ชมบ้างติบ้าง
306,ได้เข้าใจพื้นฐานเบื้องต้นได้ดี มีความเข้าใจกับcssมากขึ้นหลังจากที่ไม่รู้อะไรเลยเกี่ยวกับcss และไปใช้ต่อยอดได้ คิดว่าถ้าได้ลงฝึกใช้เรื่อยๆคงได้เข้าใจมากขึ้นอีกค่ะ,pos,ชมบ้างติบ้าง
307,สอนดีเข้าใจง่าย materialS ต่างๆค่อนข้างครบครัน แต่อยากให้เพิ่ม  quiz  หรือ project เข้ามามากกว่านี้อีกนึดเพื่อที่จะได้คุ้นเคยมากขึ้น,pos,สอนดี
308,สอนดีมากกกกกก เข้าใจ่งาย ทำตามง่ายยย สอนดีมากก,pos,สอนดี
309,เข้าใจง่าย ซึมซับไว ดีเลยทีเดียว,pos,สอนดี
310,เข้าใจง่าย ทำตามได้จริงค่ะ,pos,สามารถนำไปใช้
311,สอนดีมากครับ เข้าใจง่าย,pos,สอนดี
313,รู้สึกว่าได้ใช้Google Sheetsมาทำอะไรมากกว่าที่เคยชิน เหมาะสำหรับคนที่ไม่มีพื้นฐานมาก รู้สึกอธิบายแต่ละขั้นตอนได้ดี เรียบเรียงลำดับของข้อมูลให้นักเรียนค่อยๆสร้างskillsและต่อยอดไปได้ดี โจทย์สนุกดี แต่ละขั้นตอนโจทย์เหมาะสมกับข้อมูลที่สอนมาก่อนหน้านั้น ไม่ยากไม่ง่ายไป ส่วนตัวอยากให้มีpractice problem setให้ได้ลองฝึกไปได้เรื่อยๆ เพราะหลายๆสกิลคือสอน ให้ลอง และก็ไม่ได้กลับมาดูอีกเลย ทำให้ลืมข้อมูลที่เรียนไปก่อนหน้านั้น ถ้ามีquizที่คอยกระตุ้นให้active recallสกิลที่เรียนไปโผล่มาเรื่อยๆจะดีมาก,pos,ชมบ้างติบ้าง
314,"เข้าใจมุมมองธุรกิจเพิ่มมากขึ้น ที่ไม่ได้ต้องการรู้แค่ว่าข้อมูลมีความสัมพันธ์กันเท่านั้น แต่ต้องการทราบว่าอะไรเป็นสาเหตุที่ทำให้เกิดข้อมูลอีกตัว
เข้าใจการใช้ sheet มาช่วยในการวิเคราะห์ข้อมูลจากเบื้องจ้นจนประยุกต์มากขึ้นเรื่อย ๆ",pos,ชมบ้างติบ้าง
316,หน้าเว็บใช้งานง่าย มีแบบฝึกให้ทำระหว่างบทเรียนไปด้วย projectตอนท้ายแอบมีความ challenge intructorบรรยายได้ดี เข้าใจง่าย,pos,เข้าใจมากขึ้น
318,คอร์สสอนดีมากค่ะ ชอบมาก รู้สึกได้รับความรู้พื้นฐานมากขึ้น จากที่ไม่เคยรู่ ขอบคุณมากๆค่า,pos,ชอบมาก
320,ได้ความรู้วิธีการรายละเอียดอธิบายเข้าใจได้ง่าย  แต่ต้องฝึกทำเยอะๆจะได้จำไปใช้งานได้,pos,เข้าใจมากขึ้น
322,เป็นคอร์สที่ดีมีประโยชน์มากสามารถนำมาใช้ในการทำงานในปัจจุบันได้เป็นอย่างดี,pos,สอนดี
323,"ความรู้ล้วนๆ ดีค่ะ เรียนด้วยทำ excercise ด้วย ""ปัดฝุ่นขี้เลื่อย""",pos,เข้าใจมากขึ้น
325,อธิบายได้เข้าใจถึงกระบวนการทำเเต่ละอย่างเพื่อนำไปต่อยอดได้,pos,เข้าใจมากขึ้น
326,สอนดี ภาพชัด เสียงชัด มีแบบฝึกหัดให้ทำตลอดทุก ๆ หัวข้อ,pos,สอนดี
327,ได้รู้เทคนิคการใช้งาน Google Sheets เยอะมาก,pos,ชอบมาก
328,เป็นคอร์สที่เหมาะกับคนที่เพิ่งเริ่มต้น ปูพื้นฐานดี สอนเข้าใจง่าย,pos,แนะนำคอร์ส
329,เข้าใจง่าย พี่ต้าสอนดีสุดๆค่ะ,pos,สอนดี
330,เป็นคอร์สที่ให้ความรู้ ละเอียด ชัดเจนดีครับ,pos,ชัดเจนเห็นภาพ
332,สามารถนำมาใช้ในงานได้ดี,pos,สามารถนำไปใช้
334,อธิบายเป็นขั้นตอนดี,pos,สอนดี
335,ดีและมีประโยชน์มาก,pos,สอนดี
336,Good,pos,เข้าใจมากขึ้น
337,"เนื้อหาดีมาก เข้ามาเรียนตอนแรกนึกว่าจะมีแค่ web scraping python พวก library แต่มีเรื่อง API, Regular Expression เป็นความรู้เสริมให้ด้วย ถ้ามีติอาจจะตรง Lab ที่บางอันที่หมดอายุแล้ว หรือบอกไม่เคลียร์ว่าจะให้เราทำอะไรบ้าง ทำให้รู้สึกเหมือนได้ฝึกน้อย",pos,ชมบ้างติบ้าง
338,คอร์สนี้สอนดีมากครับ ไล่ตั้งแต่ปูพื้นฐานของ html จนนำไปสู่การดึงข้อมูลโดยใช้ python มี case study ให้ลองฝึกทำด้วย แต่เสียอย่างนึงตรงที่พาร์ท regex ตอนลองรันโค้ด มันอาจให้ response (แถบล่างครับ) งงๆหน่อย เพราะว่าลองรันโค้ดแล้วปรากฏว่าคำตอบถูก แต่ response แถบล่างบอกผิด แต่ไม่ได้ติดใจอะไรครับ โดยรวมแล้ว ถือว่าดีมากครับ อยากให้คนที่ัยังไม่เคยเรียนรู้ ลองเรียนคอร์สนี้ดูครับ,pos,ชมบ้างติบ้าง
339,เข้าใจพื้นฐานการ Web Scrapping เพื่อนำไปต่อยอดหาความรู้เพิ่มเติมด้วยตนเองต่อไป,pos,แนะนำคอร์ส
340,อาจารย์สอนเข้าใจง่ายมาก ไม่เคยมีพื้นฐานเลยก็สามารถเรียนได้,pos,เข้าใจมากขึ้น
341,เป็นคอร์สที่ดีมากครับ ปกติก็เขียนแค่ javascript แบบเดิมๆ คอร์สนี้ทำให้รู้อะไรใหม่ๆเกี่ยวกับ ES6 เยอะเลยครับ จากที่ไปลองเขียนพวก framwork ต่างๆ ที่ใช้ ES6 แล้วงงๆ ตอนนี้เข้าใจขึ้นเยอะเลยครับ,pos,ชมบ้างติบ้าง
344,คอร์สเรียนนี้เป็นคอร์สเรียนที่ดี ที่ทำให้ผู้เรียนอยากเข้าใจกระบวนการทำงานของ ux มากขึ้น แต่อยากให้ปรับปรุงหรือเพิ่มเติมส่วนของเนื้อหา ยก casestudy ที่ประสบความสำเร็จจริง หรือมีปัญหาระหว่างการทำงานร่วมกับทีม ตั้งแต่ต้นจนจบให้เป็นตัวอย่างด้วยก็จะดีมากค่ะ,pos,ชมบ้างติบ้าง
346,เป็นคอร์สที่สอนให้เห็นกระบวนการทำ UX และผู้เกี่ยวข้องทั้งหมดในการทำงานจริง มีสถานการณ์จำลองให้เข้าใจง่าย เล่าถึงวิธีดำเนินการทั้งหมดครบถ้วนสมบูรณ์ เรียนสนุก รู้ครบวงจรในคอร์สเดียวค่ะ,pos,สามารถนำไปใช้
347,เป็นคอร์สที่ดีมากครับ ได้แนวคิดใหม่ๆ แบะตอบคำถามในการเป็น UX designer  เห็นภาพชัดเจน เนื้อหาครบถ้วน  เหมาะสำหรับคนที่สนใจย้ายสายงาน มาทางนี้มากๆ,pos,ชัดเจนเห็นภาพ
348,"ข้อมูลเยอะมากค่ะ หัวข้อที่เรียนมีหลายหัวข้อมากๆ ได้เห็นถึง process การทำงานจริงๆและมีวิธีการ เทคนิค ต่างๆในการสัมภาษณ์ user , ในการทำ workshop สอดแทรกเยอะมากๆค่ะ รู้สึกว่าเป็นสิ่งที่ประยุกต์ใช้ได้จริงค่ะ",pos,ชอบมาก
349,"ได้ความรู้ fundamental ที่ดี แต่อยากให้ลงลึกมากกว่านี้อีกนิดนึง fundamental + basic อีกหน่อย ครับ ตอนนี้ให้ 8/10

พร้อมยกตัวอย่างเพิ่มกับหลายๆ Business Propose จะดีกว่านี้อีก เป็น 10/10 เลยกั๊บ",pos,เข้าใจมากขึ้น
350,ชอบที่มีการอธิบายลำดับขั้นตอนการทำงาน พร้อมอธิบายเหตุผลประกอบ มันทำให้เข้าใจมากขึ้นและเอาไปใช้ต่อได้ง่าย,pos,เข้าใจมากขึ้น
351,ได้แนวคิด UX ที่ดีมากๆเลยครับ มันคงเป็นประสบการณ์ที่ดีถ้าได้มาเรียน และเข้าใจมันซักครั้งในชีวิต,pos,สอนดี
352,สอนเข้าใจง่าย แบ่งแต่ละเรื่องให้สามารถนำไปใช้จริงได้ และสามารถกลับมาดูซ้ำได้เมื่อเราลืม,pos,สามารถนำไปใช้
354,ดีมากๆครับ ได้ความรู้เพิ่มเติมมาเยอะเลย สามารถเอาไปปรับใช้กับงานที่ทำอยู่ได้,pos,เข้าใจมากขึ้น
355,ผู้สอนมีทัศนคติในการสอนที่ดีมากค่ะ เรียนแล้วเข้าใจภาพรวมของการเป็น UX ได้ดีขึ้นมาก เป็นกำลังใจให้ทีมงานนะคะ ขอบคุณค่ะ,pos,ชมบ้างติบ้าง
356,ปูพื้นฐานได้แน่และสามารถนำไปปรับใช้กับการทำงานได้อย่างดีเยี่ยม,pos,สามารถนำไปใช้
357,คอรส์นี้ ได้เห็นภาพรวมตั้งแต่ตั้น จนถึงออกมาเป็น Product ครับ,pos,เข้าใจมากขึ้น
359,สำหรับการ เข้าใจพื้นฐานของงาน คอร์สนี้ดีเลยครับที่จะเริ่มต้น,pos,แนะนำคอร์ส
360,เป็นคอร์สที่ปูพื้นฐานเรื่อง UX ตั้งแต่ต้น เหมาะกับทุกคนเลย,pos,แนะนำคอร์ส
361,เป็นคอร์สที่ให้เรื่องกระบวนการคิดที่ดี เป็นระบบมากครับ,pos,ชอบมาก
363,เข้าใจง่าย เห็นภาพชัดเจน ปลุกไฟในตัวคุณ,pos,ชัดเจนเห็นภาพ
364,ข้อมูลแน่นและอธิบายได้เข้าใจง่ายมากค่ะ,pos,เข้าใจมากขึ้น
365,ได้ความรู้เกี๋ยวกับการทำ UX ได้ดีมาก ๆ,pos,สอนดี
366,ดีค่ะ เข้าใจพื้นฐานได้เยอะ,pos,สอนดี
368,เข้าใจความเป็น ux มากขึ้น,pos,เข้าใจมากขึ้น
370,ได้เห็นภาพรวมกว้างๆ ถ้าต้องการนำ microservice มาใช้งาน และนำไปต่อยอด เหมาะกับคนที่เริ่มต้นสนใจ microservice,pos,แนะนำคอร์ส
372,เป็นหลักสูตรที่ปูพื้นแนวความคิด micro services ได้ดีเลย,pos,เข้าใจมากขึ้น
374,ได่ความรู้เพิ่มมากขึ้น,pos,เข้าใจมากขึ้น
375,อธิบายได้เข้าใจง่าย,pos,เข้าใจมากขึ้น
376,เหมาะสำหรับผู้เริ่มต้นเลย ทำความรู้จัก blockchain ตั้งแต่เริ่มต้น bitcoin และ etherium มาจาก concept อะไร การนำไปใช้งานจริงใน business model ที่เกิดขึ้นจริง และความเสี่ยงในการนำไปใช้งาน,pos,สามารถนำไปใช้
377,เนื้อหากระชับ เข้าใจง่าย สามารถดูย้อนหลังได้ เหมาะสำหรับผู้ที่ไม่มีพื้นฐานความรู้ในด้านนี้มาก่อน,pos,แนะนำคอร์ส
379,เป็นการสอนที่เข้าใจง่าย พร้อมตัวอย่างในการเรียนรู้,pos,เข้าใจมากขึ้น
380,ได้เปิดมุมมองในการเล่าเรื่องให้น่าสนใจ และบรรลุเป้าหมายที่เราต้องการสื่อสาร,pos,ชมบ้างติบ้าง
381,มีไอเดียและข้อคิดในการนำเสนอ project ได้ดีขึ้น,pos,เข้าใจมากขึ้น
385,สามารถนำมาปรับใช้ได้จริง เพราะส่วนงานที่รับผิดชอบ ใช้การ Present ค่อนข้างบ่อย การสร้างความโดดเด่น ถือว่าเป็นจุดขาย,pos,สามารถนำไปใช้
386,ช้วยทำให้เรามี model ที่ช่วยในการทำ infographic ที่ใช้สื่อสารกับเป้าหมายได้มีประสิทธิภาพมากขึ้น,pos,เข้าใจมากขึ้น
388,ทำให้การจัดวางสไลด์หรือโปรเตอร์ต่างๆได้สวยขึ้นและสามารนำไปใช้ได้จริงกับการทำงาน,pos,สามารถนำไปใช้
390,เป็นประโยชน์ สามารถนำไปใช้งานในการทำ Presentation ได้,pos,สามารถนำไปใช้
391,เข้าใจง่ายดี อยากได้ Presentation ประกอบการเรียน,pos,สอนดี
392,สอนเข้าใจง่าย เรียงลำดับการอธิบายได้ดี,pos,เข้าใจมากขึ้น
394,เข้าใจง่าย กระชับ ได้ภาพองค์รวม,pos,เข้าใจมากขึ้น
395,อาจารย์สอนดี มีภาพประกอบ,pos,สอนดี
396,น่าสนใจ,pos,เข้าใจมากขึ้น
397,เรียนเถอะ,pos,ชมบ้างติบ้าง
399,ชอบการเรียงเนื้อหาและแบบฝึกหัดให้ได้พัฒนาการเรียนรู้ได้เป็นระบบ เห็นภาพชิ้นงานที่ทำได้ มีติดขัดในส่วนถามตอบอัพโหลดรูปไปถามไม่ได้ (เกิดเหตุขัดข้อง) แต่เนื้อหาและความรู้ที่ได้รับประทับใจมาก,pos,ชอบมาก
400,สอนเข้าใจง่ายมาก ชอบตรงมีแบบฝึกหัดให้ทำคั่นระหว่างเรียนเรื่อยๆ เหมือนได้ฝึกไปด้วย ได้ความรู้เพิ่มจากเดิมเยอะเลยค่ะ,pos,เข้าใจมากขึ้น
401,คืดเป็นครอสที่ดีมาก ได้ความรู้ใหม่และเทคนิคดีๆ เยอะเลย,pos,สอนดี
402,"เนื้อหาดี แน่น basic
สำหรับคนทำเว็บ แนะนำเลยครับ",pos,แนะนำคอร์ส
403,สอนดีมากกกกๆๆๆๆ การเตรียมการสอนดีมากๆๆๆ,pos,สอนดี
404,ฟังแบบเรื่อยๆ,pos,เข้าใจมากขึ้น
405,เข้าใจและเห็นภาพของ Service Design พื้นฐานในภาษาง่ายๆ ครับ,pos,แนะนำคอร์ส
406,ถ้ามี sheet หรือ pdf.ประกอบจะดีมากครับ,pos,สอนดี
407,ชอบที่ได้ฟังประสบการณืตรงจากคุณต้น ได้แง่คิดนอกจากเรื่อง marketing commu เหมาะกับทั้งคนทำธุรกิจ และ ได้มุมมองเพิ่มจากคุณหนุ่ยด้วย ดีค่ะ,pos,เข้าใจมากขึ้น
408,น่าสนใจ,pos,เข้าใจมากขึ้น
409,ต้องลองง,pos,ชมบ้างติบ้าง
410,"ได้ ภาพความสำคัญของงาน Product Manager ชัดขึ้น 
และได้ทราบว่างาน Project Manager ที่ทำอยู่ก็ครอบคลุม scope นี้อยู่เหมือนกันครับ",pos,เข้าใจมากขึ้น
411,ดีและเป็นประโยชน์มากๆ Speakers และ Moderator พูดคุยน่าฟัง และได้ความรู้ตรงประเด็น ตอบสิ่งที่สงสัยในระหว่างฟังได้,pos,ชอบมาก
412,เข้าใจง่าย ได้รู้ว่าความต่างของ Product Manager กับ Project Manger คืออะไร,pos,ชมบ้างติบ้าง
413,สอนละเอียดมากค่ะ ผู้สอนใส่ใจในการอธิบายทำให้เข้าใจได้ง่ายขึ้น,pos,เข้าใจมากขึ้น
414,อยากให้อัพเดทเวอร์ชั่น framer ที่ใช้ด้วย,pos,เข้าใจมากขึ้น
415,คอร์สดีมากค่ะ,pos,สอนดี
417,เป็นหลักสูตรที่เป็นประโยชน์ คุณครูสอนเข้าใจง่ายดีค่ะ :),pos,เข้าใจมากขึ้น
419,เคยอ่าน OOP มาหลาย ๆ  ที่ แต่ไม่เคยนำมาใช้เขียนจริง ๆ  จัง ๆ  ได้สักที  คอร์สนี้ แก้ปัญหานี้ได้มากครับ เนื้อหาเข้าใจง่าย  สามารถนำไปใช้ได้จริง,pos,สามารถนำไปใช้
420,เนื้อหาดี ภาษาที่ใช้สอนคุ้นเคย (TypeScript) ทำให้ทำความเข้าใจตามง่าย มีตัวอย่างที่สร้างความเข้าใจได้ดี อธิบายไม่เร่งรีบ เรียนแล้วเข้าใจในหลักการต่างๆ ถึงที่มาที่ไป ทำให้เราเอาไปใช้ต่อได้อย่างเข้าใจและมั่นใจ,pos,ชมบ้างติบ้าง
422,ได้มุมมองของ OOP ที่เหมาะกับการทำงานจริง และการทำงานเป็นทีมครับ ซึ่งเป็น core concept ที่จำเป็นมากๆ,pos,สามารถนำไปใช้
423,ทำให้เห็นมุมมอง OOP แบบใหม่ ถ้าเพิ่มมี chart โครงสร้างประกอบการอธิบายตัวอย่างให้เห็นภาพรวมด้วยจะดียิ่งขึ้นครับ,pos,เข้าใจมากขึ้น
424,อธิบายละเอียด คิดตามได้ง่าย เข้าใจว่าต้องการสื่ออะไรในแต่ละบท,pos,ชมบ้างติบ้าง
427,ถึงจะรู้ OOP อยู่แล้วก็ควรเรียน,pos,ชมบ้างติบ้าง
428,อธิบายได้ดีมากๆ,pos,สอนดี
429,เรียน OOP แต่อธิบายคอนเซปแต่กับภาษา typeScript ถ้าใช้ภาษาอื่นมา เข้าใจยากมากๆ,pos,ชมบ้างติบ้าง
431,สำหรับใครที่อยากลองทำ chatbot ที่เชื่อมต่อกับเจ้า LINE Beacon แต่ไม่มีความรู้เลย หรือไม่เคยทำมาก่อน คอร์สนี้ปูพื้นฐานทำความรู้จัก LINE API ตั้งแต่เบื้องต้นเลย และลงโปรแกรมต่างๆแบบจัดมือทำ และคนสอนสอนสนุก สอนเข้าใจง่ายมากๆเลย แนะนำเลยจ้า,pos,แนะนำคอร์ส
432,Course นี้สอนละเอียดดีมากครับ เห็นภาพ use case พื้นฐานต่าง ๆ แต่ข้อเสียอย่างเดียวคือถ้าต้องการทำตามที่สอนทั้งหมด จะต้องไปซื้ออุปกรณ์มาประกอบเรียนด้วย แต่จะฟังไปก่อน แล้วค่อยไปหาอุปกรณ์เรียนในภายหลังก็ได้ครับ,pos,ชมบ้างติบ้าง
433,เนื้อหาครอบคลุมทุกสัญญาณที่ปล่อยออกมาจากอุปกรณ์ LINE Beacon ให้ทำตามได้ Step by Step แนะนำเลยสำหรับใครที่สนใจมอบประสบการณ์ใหม่ให้กับผู้ใช้งาน LINE Official Account หรือ LINE Chatbot ของคุณ,pos,แนะนำคอร์ส
434,เรียนสนุกมาก ได้อรรถรสในการเรียน สามารถนำไปใช้งานได้จริง,pos,สามารถนำไปใช้
435,อยากใช้งาน line beacon เป็น แนะนำคอร์สนี้เลยครับ,pos,แนะนำคอร์ส
436,สอนเข้าใจง่าย  อธิบายครบถ้วน สามารถทำตามได้,pos,เข้าใจมากขึ้น
437,เป็นการสอนที่ง่ายและค่อนข้างเข้าใจแต่ตัดเป็น part ย่อยๆเยอะเกินไป,pos,เข้าใจมากขึ้น
439,น่าสนใจมากๆครับมันคืออนาคตที่น่าใช้,pos,ชอบมาก
440,เป็นเบสิคเน้นความเข้าใจได้ดีมาก,pos,สอนดี
441,ดีมากได้ความรู้เพิ่มเติมมากมาย,pos,สอนดี
443,เรียนเถอะครับ มันจะแจ่มมาก,pos,ชอบมาก
444,Deep!! ?,pos,เข้าใจมากขึ้น
445,ต้องลอง,pos,ชมบ้างติบ้าง
446,ย่อยง่าย,pos,เข้าใจมากขึ้น
447,เห็นภาพ พร้อมขวากหนามผ่านประสบการณ์ตัวอย่างจากมุมมองของ Speakers เลยว่าแต่ละวันจะต้องเจอกับอะไรบ้าง ;p,pos,ชมบ้างติบ้าง
448,แตกต่างอย่างลงตัวค่ะ,pos,เข้าใจมากขึ้น
449,ดีมากเข้าใจง่าย...ชอบๆ,pos,สอนดี
453,เป็นคอร์สที่สอนพื้นฐานครบถ้วนครอบคลุม แต่มีเรื่อง oop ที่เข้าใจบ้างสำหรับมือใหม่อย่างผม จะต้องทวนอีกหลายรอบและลองสร้างโปรเจค,pos,แนะนำคอร์ส
455,เนื้อสั้นกระชับ เข้าใจง่าย มีแนะนำให้เรียนเพื่อได้รับ Google Developer Badge ด้วย,pos,แนะนำคอร์ส
456,พี่คนสอนสอนดีมากค่ะ คอร์สนี้อาจเป็นแนวทางพื้นฐานให้สำหรับใครที่ยังไม่เคยเรียน,pos,แนะนำคอร์ส
457,สอนได้ละเอียดมากครับ ใช้ศัพท์ไทยที่ทำให้เข้าใจง่าย เนื้อหาดี,pos,สอนดี
459,อธิบายครบถ้วน มีแหล่งข้อมูลเพิ่มเติมให้ด้วย ดีมากครับ,pos,สอนดี
460,Free Course ที่มีคุณภาพมากค่ะ พูดเข้าใจง่ายมาก,pos,เข้าใจมากขึ้น
462,สอนเข้าใจง่าย ครอบคลุมเนื้อหาที่ต้องรู้สำหรับการพัฒนาโปรแกรมด้วย Kotlin,pos,เข้าใจมากขึ้น
463,ช่วยทวนความจำการใช้ Kotlin ได้ดีมากครับ,pos,สอนดี
464,เนื้อห่ที่ใช้ในการสอน ดี เข้าใจง่ายครับ,pos,สอนดี
465,ดีมากเลยครับ แต่บางจุดพูดเร็วไปนิด,pos,สอนดี
466,ดีมากครับ เข้าใจง่าย,pos,สอนดี
467,ได้ความรุ้เยอะมากๆ,pos,ชอบมาก
469,สอนดีครับ,pos,สอนดี
470,สำหรับคนที่ต้องพัฒนาด้านความคิดวิเคราะห์ และใช้ data จะเข้าใจมากขึ้น แถมยังได้ skill การทำ excel เพื่อไปใช้ในการวิเคราะห์ข้อมูลหรือช่วยทำ data sheet อย่างง่าย แต่ต้องบอกว่ายากนิดนึงสำหรับคนที่ไม่คุ้นกับ excel หรือ data,pos,แนะนำคอร์ส
471,จากที่เราเคยทำได้อยู่บ้างหลังจากเรียน คอร์สนี้แล้วทำให้เราได้เรียนรู้ว่ายังมีอีกหลายอย่างที่เรายังไม่รู้และจะมาช่วยให้เราทำการวิเคราะห์ข้อมูลได้มากขึ้นอยู่ที่การฝึกฝนและใช้บ่อยๆ แล้วเราก็จะทำได้ดีมากขึ้นไปอีก,pos,ชมบ้างติบ้าง
472,"เป็นการปูพื้นฐานที่ดี สอนได้เข้าใจง่าย ตรงประเด็น
แต่อยากให้เพิ่มเนื้อหา พวกการตั้งค่าแถบสี
ในกรณีที่ set default เพราะ บางที อยากมองเร็วๆ
โดยใช้ สี เป็นตัวบอก เพื่อประมวลผลได้อย่างรวดเร็ว",pos,แนะนำคอร์ส
474,เนื่องเราก่อนที่จะเรียนเราพอมีพื้นฐานมาระดับนึง แต่พอได้เรียนกับ อ.วิโรจน์นั้นทำให้เราเคลียคำถามและเนื้อหาที่เราไม่เข้าใจให้เข้าใจได้เป้นอย่างดี,pos,ชมบ้างติบ้าง
477,ต้องบอกว่าอธิบายเข้าใจง่าย แต่ทั้งนี่ทั้งนั้น ก็อยู่ที่การนำไปใช้งานหลังจากอบรม ควรใช้งานสม่ำเสมอ ไม่งั้นลืมแน่นอน,pos,ชมบ้างติบ้าง
478,อาจาร์ยสอนดีมากครับค่อนข้างเข้าใจได้ง่าย เเละสามารถทำตามได้ทันที ส่วนตัวเเอบอยากให้มีโจทย์ให้ทำมากกว่านี้เล็กน้อย เเต่ที่มีตอนนี้ก็ไม่ได้น้อยเกินไปเลย ส่วนตัวเเล้วเเนะนำมากครับ,pos,สอนดี
479,ปูพื้นฐานในการทำความเข้าใจและสำรวจข้อมูล เพื่อตอบคำถามเบื้องต้นเกี่ยวกับชุดข้อมูลนี้ โดยใช้เครื่องมือ Excel,pos,แนะนำคอร์ส
480,เปิดโลกการใช้งาน Excel ให้มีประสิทธิภาพขึ้นมาก และทำให้รู้ว่า Excel เป็น tool ที่ Powerfull มากๆ,pos,ชอบมาก
481,อาจารย์ต้า สอนเรื่องที่ดูซับซ้อน ให้เข้าใจง่าย และ มีแบบฝึกหัดให้ลองทำจริง ตลอดการสอนครับ,pos,สามารถนำไปใช้
482,ดีมากช่วยปรับทักษะความรู้ให้ทำงานง่ายและช่วยลดขั้นตอนเก็บข้อมูล ค้นหา จัดทำข้อมูลได้มาก,pos,เข้าใจมากขึ้น
483,เนื้อหาสาระที่เรียนมีประโยชน์กับการหาข้อมูลต่างๆได้สะดวกและรวดเร็วชัดเจนยิ่งขึ้น,pos,ชัดเจนเห็นภาพ
485,เป็นคอร์สที่ให้ทักษะในการทำงาน และเทคนิคต่าง ๆ สามารถนำมาใช้กับการทำงานได้ดีมาก,pos,สามารถนำไปใช้
486,เรียนแล้วเห็นภาพการใช้งานมากขึ้นสามารถนำไปประยุกต์หรือศึกษาต่อในส่วนที่สนใจได้,pos,สามารถนำไปใช้
487,คอร์สมีรายละเอียดการสอนที่ดีมาก แม้คนไม่มีพื้นฐานก้อสามารถเข้าใจได้,pos,แนะนำคอร์ส
488,การออกเเบบรูปแบบการเรียนดีมากค่ะ มีให้ทำตัวอย่างไปด้วย ทำจนจบเเล้วเหมือนได้มี Short note ในตัว เยี่ยมเลย,pos,เข้าใจมากขึ้น
492,อาจารย์สอนดี เข้าใจงาน ไปไม่เร็วมาก สามารถนำไปใช้ได้จริง,pos,สามารถนำไปใช้
494,อจ.สอนที่ละขั้นทำให้เข้าใจง่ายดี แต่สูตรเยอะ จำไม่ได้,pos,สอนดี
495,ได้ความรู้เกี่ยวกับ excel เยอะมาก,pos,ชอบมาก
496,ได้รู้เกี่ยวกับสูตร excel มากขึ้น,pos,เข้าใจมากขึ้น
497,มีเทคนิคดี ๆ ที่คิดไม่ถึงเยอะมาก,pos,ชอบมาก
500,เข้าใจง่ายดี มีให้ลองทำด้วย,pos,สอนดี
501,ได้รู้เทคนิคใหมๆ เยอะเลยยยย,pos,เข้าใจมากขึ้น
502,ผู้บรรบาบสอนดีมากครับ,pos,สอนดี
503,ใช้งานได้จริง,pos,สามารถนำไปใช้
504,good course,pos,เข้าใจมากขึ้น
505,good!,pos,เข้าใจมากขึ้น
506,สอนดี,pos,สอนดี
507,เคยเรียนมาหลายคอร์ส รู้สึกคอร์สที่อื่นๆ ไม่ได้อธิบาย ถึงสูตรนี้มีแหล่งที่มา มีความหมาย รวมถึงการมาทำกราฟ ว่าทำไมใช้กราฟนี้ถึงเหมาะกับสิ่งที่อยากจะวิเคราะห์ แนะนำมากๆฮะ,pos,ชมบ้างติบ้าง
508,ได้มุมมองความคิดเกี่ยวกับธุรกิจมากขึ้นและสามารถนำการvisualizationแบบdashboardรูปแบบต่างๆเอาไปประยุกต์หรือศึกษาต่อเพิ่มเติมได้,pos,เข้าใจมากขึ้น
509,ใครที่เคยใช้ Power BI อยู่แล้ว ลองมาเรียนรู้การใช้ Power BI ให้เต็มประสิทธิภาพขึ้น ด้วยการเขียน DAX กันครับ,pos,เข้าใจมากขึ้น
510,เรียนเสร็จแล้ว รู้สึกเข้าใจ power bi เพิ่มมากขึ้น ในระดับที่คิดว่าจะนำไปใช้ต่อได้,pos,ชมบ้างติบ้าง
513,มีตัวอย่างข้อมูลสร้าง dashboard ให้ลองทำเยอะมากค่ะ,pos,ชอบมาก
514,ยากมาก ต้องใช้เวลาเรียนนาน ถ้าเป็นคนที่ทำข้อมูลด้านนี้น่าจะมีประโยชน์มาก,pos,ชอบมาก
515,เหมาะสำหรับผู้เรียนที่มีความรู้มาบ้างแล้ว,pos,เข้าใจมากขึ้น
516,ต้องหมั่นฝึกฝนการเขียน DAX,pos,ชมบ้างติบ้าง
517,เนื้อหาแน่นมาก,pos,ชอบมาก
518,คอร์สนี้เหมาะมากสำหรับคนที่เขียน Go อยู่แล้ว แล้วต้องการที่จะต่อยอดความรู้ และเรียนรู้ practice เพิ่มเติมครับ,pos,แนะนำคอร์ส
520,เป็นคอร์สที่ดีมากๆครับ แต่ว่าอาจจะมีบางส่วนที่ตัวผมรู้สึกว่าไปไวไปหน่อย,pos,ชมบ้างติบ้าง
521,อยากให้มีในส่วนของการเตรียม Tools และอธิบายเพิ่มเติมว่าทำไมต้องใช้ Tools ตัวนั้น ๆ เพิ่มด้วยครับ,pos,ชมบ้างติบ้าง
523,เหมาะกับผู้ที่มาจากภาษาอื่น ๆ ไม่เหมาะกับมือใหม่เนื่องจากเป็นเนื้อหาของระดับกลาง,pos,แนะนำคอร์ส
524,ผู้สอนมีความรู้ในภาษา Go จริงๆ และช่วยเหลือตอบข้อสงสัยต่างๆในบอร์ดได้อย่างดี,pos,สอนดี
525,สอนให้เข้าใจง่ายมากขึ้นครับ ขอบคุณคอร์สดีๆครับ,pos,เข้าใจมากขึ้น
527,การทำงานจริงๆ น่าจะต้อง Advance กว่านี้เยอะ,pos,เข้าใจมากขึ้น
529,เนื้อหาใช้งานได้จริง,pos,สามารถนำไปใช้
531,คอร์สนี้ทำให้รู้จัก Tools ที่จะช่วยทุ่นแรงในการทำเว็บของเราได้ง่ายขึ้นอีกเยอะ ผู้สอนสอนเข้าใจง่าย อธิบายได้ครบถ้วน ชอบค่ะ,pos,เข้าใจมากขึ้น
532,นึกว่าจะได้พื้นฐาน web design เฉยๆ แต่ได้เข้าใจโครงสร้างเว็บไซต์ระดับที่คุยกับ Dev รู้เรื่องเลยด้วย 💕,pos,ชมบ้างติบ้าง
533,สอนดี ไม่ต้องมีพื้นฐานก็สามารถเข้าใจได้ง่าย สามารถนำไปต่อยอดได้,pos,สอนดี
534,สอนดีมากครับ,pos,สอนดี
535,เนื้อหาดี เข้าใจง่าย ขาดตรง material  (Code)  ไม่ได้มีบอกไว้ว่าต้องไปโหลดที่ไหน ถ้าให้ Link ไป clone จาก GitHub เพื่อเปิดตามไปด้วยก็จะดีมากครับ,pos,ชมบ้างติบ้าง
536,ได้ประโยชน์เยอะมากครับ สำหรับ คอร์สนี้ เหมาะสำหรับผู้ที่ต้องการ วางโครงสร้างโครงการ,pos,แนะนำคอร์ส
537,เป็นคอร์สที่ดีครับ ผมค่อนข้างจะเป็นมือใหม่ และได้ความรู้มากมายจากคอร์สนี้ครับ,pos,สอนดี
539,ใช้เป็นแนวทางได้ดี แต่ไม่เหมาะกับผู้ที่เพิ่งเริ่มต้น,pos,แนะนำคอร์ส
540,อยากได้คอร์สที่ละเอียด และมีการใช้งานกับโปรเจกที่ซับซ้อนกว่านี้,pos,เข้าใจมากขึ้น
541,อธิบายหลักการและแนวทางการโปรแกรมได้ดี,pos,เข้าใจมากขึ้น
542,สอนเข้าใจง่าย เห็นกระบวนการการทำงาน เอาไปต่อยอดได้,pos,เข้าใจมากขึ้น
543,สอนได้ดีครับ  แนะนำครับ,pos,แนะนำคอร์ส
544,ทำให้เห็นภาพการทำ DevSecOps และเห็นแนวทางในการเรียนรู้ต่อว่าควรจะเรียนรู้อะไร อันไหนไม่ต้องไปเรียนแล้วให้เสียเวลา,pos,ชมบ้างติบ้าง
545,ให้เห็นภาพรวมของการทำ DevSecOps ได้ดี แต่ต้องนำไปศึกษาเพิ่มเติมต่อเองอีก จึงจะนำไปใข้ได้จริง,pos,สามารถนำไปใช้
546,ดีมากจริงๆครับ อยากให้เรียนก่อนเริ่มทำที่องค์กร,pos,เข้าใจมากขึ้น
547,เข้าใจง่ายและเห็นภามมากขึ้น,pos,เข้าใจมากขึ้น
548,รู้จัก concept มากขึ้นครับ,pos,เข้าใจมากขึ้น
549,เนื่้อหาเกียวกับ devsecops ทั้งหมด,pos,เข้าใจมากขึ้น
550,ถ้ามี  code ตัวอยางให้ด้วยจะดีมาก,pos,สอนดี
551,ดีค่ะ,pos,สอนดี
553,ดีมากครับ เรียนจบแล้วสามารถนำความรู้ไปประยุกต์ทำงานอื่นๆ ต่อ ต่อยอดได้ เหมาะสำหรับคนไม่เก่งเขียน code มากๆ ครับ คนไม่เก่ง coding ก็สามารถเขียน app ไว้ใช้เองได้ครับ,pos,แนะนำคอร์ส
555,ให้ความรู้ที่เป็นประโยชน์อย่างมากๆ สำหรับผู้เริ่มต้นเรียนรู้,pos,แนะนำคอร์ส
556,ผู้สอนอธิบายดี ทำให้เข้าใจ function ต่างๆได้ง่าย และชอบที่มีการยกตัวอย่าง และมีโจทย์ให้ลองทำ,pos,เข้าใจมากขึ้น
557,ในช่วง exercise มีโจทย์ผิดเล็กน้อย รบกวนตรวจสอบอีกครั้งครับ,pos,เข้าใจมากขึ้น
560,คอร์สดีมากครับ ตอบโจทย์คนที่ยังไม่ค่อยเข้าใจในเรื่อง Service design เท่าที่ควร มีการยกเคสกรณีศึกษา ที่เข้าใจง่าย เห็นภาพชัดเจน และได้ความรู้ในการนำไปประยุกต์กับธุรกิจอื่นๆได้อย่างครอบคลุมมาก ดีมากครับ,pos,ชัดเจนเห็นภาพ
561,ผู้สอนมีการอธิบายเข้าใจง่ายและเป็นขั้นเป็นตอน  มีการแนะนำเครืองมือที่ใช้ และมีการยกตัวอย่างในแต่ละหัวข้อ ทำให้เห็นภาพรวมและการประยุกต์ใช้งานได้อย่างชัดเจน,pos,ชัดเจนเห็นภาพ
563,พี่ขวัญสามารถถ่ายทอดความรู้ที่ยากมาก ๆ เกี่ยวกับ service design ให้ออกมาเป็นวิธีการที่เข้าใจง่าย เเละค่อย ๆ เเนะนำ tools หลายยอย่างที่สามารถนำมาปรับใช้ในชีวิตจริงได้ค่อนข้างมาก ชอบวิธีการถ่ายทอดมาก ๆ ค่ะ,pos,ชอบมาก
564,ดีมากๆ ได้ความรู้ที่ลึกและรู้จริง และทำให้เราได้ไปสังเกตุถึงบริการของที่เราได้รับ  ว่าเป็นอย่างไร,pos,ชมบ้างติบ้าง
565,เนื้อหา service design ทั้งทฤษฎีและตัวอย่างที่ต่อเนื่องกันตั้งแต่ต้นจนจบ ทำให้จับประเด็นได้ง่าย,pos,เข้าใจมากขึ้น
566,เป็นคอร์สที่ทำให้เข้าใจเรื่อง Service Design ได้ทุกแง่มุม ทั้งภาพรวมและรายละเอียด มี Template และตัวอย่างทำให้เข้าใจง่าย คลิปวิดีโออธิบายชัดเจนดีค่ะ,pos,ชัดเจนเห็นภาพ
567,Template ดีครับ การยกตัวอย่างทำให้เข้าใจการใช้งานและจุดประสงค์ของ template ได้ชัดเจนขึ้น,pos,ชัดเจนเห็นภาพ
569,ดีค่ะ ได้ความรู้เยอะเลยสนุกด้วยค่ะน้ำเสียงฟังเพลินมากไว้ทำแล้วจะมาแชร์นะคะ,pos,ชอบมาก
570,ได้รับความรู้และสร้างความเข้าใจในการออกแบบบริการมากขึ้น รวมถึงมีตัวอย่างประกอบเพื่อที่จะสามารถนำไปต่อยอดไอเดียได้,pos,เข้าใจมากขึ้น
571,การรู้เรื่อง Service Design ช่วยให้เราเห็นภาพกว้างมากขึ้นและทำงานได้ครอบคลุมมากขึ้นกับคนที่เกี่ยวข้อง,pos,เข้าใจมากขึ้น
572,ละเอียดแล้วน่าสนใจ pacing ดีค่ะ ข้อมูลและตัวอย่างชัดเจนค่ะ,pos,ชัดเจนเห็นภาพ
573,ช่วยให้เข้าใจและเห็นตัวอย่าง นำไปทำงานได้จริงค่ะ,pos,สามารถนำไปใช้
575,บนพื้นฐานที่เกี่ยวกับการบริการ ควรเรียนรู้ไว้จะดีมาก,pos,แนะนำคอร์ส
576,เนื้อหาเข้าใจง่ายสำหรับการเริ่มต้นกับ service design,pos,แนะนำคอร์ส
577,อธิบายได้ดี และเข้าใจง่ายมากๆ,pos,เข้าใจมากขึ้น
578,เนื้อหาถูกแบ่งเป็นส่วนๆ และถูกเรียงลำดับอย่างเหมาะสม ในแต่ละเรื่องมีการทำ demo และอธิบาย use case ทำให้ผู้เรียนทราบว่าเนื้อหานั้นๆมีประโยชน์อย่างไรและนำไปใช้งานต่อได้อย่างเหมาะสม,pos,สามารถนำไปใช้
579,"อาจารย์สอนดีมากๆ ครับ
สำหรับใครที่ยังไม่ค่อย เข้าใจ เรื่อง git  
แนะนำคอรส์นี้เลยครับ  คุ้มราคา ประหยัดเวลาด้วยครับ",pos,สอนดี
580,โดยรวมเข้าใจง่ายมาก มีการ Demo ให้ดูซึ่งก็ช่วยให้เห็นภาพได้ดีขึ้น ไม่แน่ใจว่าคนสอนสอนเร็วไปนิดนึงรึเปล่านะ พดีมีพื้นฐาน git อยู่ประมาณนึง เลยอาจจะไม่ได้รู้สึกเท่าไร,pos,ชมบ้างติบ้าง
581,ละเอียดครอบคลุม เหมาะกับผู้เริ่มต้น อยากให้ทำ ต่อเรื่อง trunk based developmment,pos,เข้าใจมากขึ้น
582,อธิบายได้เข้าใจ มีการยกตัวอย่างการทำงานจริง ทำให้มองภาพได้เข้าใจมาก,pos,สามารถนำไปใช้
583,ผู้สอนอธิบายการใช้งาน git พร้อมยกตัวอย่างได้อย่างชัดเจน,pos,ชัดเจนเห็นภาพ
584,คอร์สนี้ช่วยได้เยอะเลยครับ เข้าใจ git เพิ่มมากขึ้นมาก,pos,ชอบมาก
585,อธิบายดีมากครับ แต่เร็วไปหน่อยและตัวอย่างน้อยไปหน่อยครับ,pos,สอนดี
586,เป็นคอร์สที่ดีในรีะดับพื้นฐาน สามารถเอามาใช้ทำงานได้,pos,แนะนำคอร์ส
587,ได้เรียนรู้ และเข้าใจความคิด เบื้องหลังพฤติกรรมการแสดงออก การตัดสินใจของมนุษย์ ในคอร์สยังได้ยกตัวอย่างที่น่าสนใจ และ case study ที่นำไปประยุกต์ใช้กับธุรกิจได้ด้วย ชอบเนื้อหาในส่วนของการนำไปใช้เป็นพิเศษ อธิบายละเอียดมากค่ะ,pos,ชมบ้างติบ้าง
588,ทำให้มองเห็นภาพชัดขึ้นว่า เราสามารถปรับเปลี่ยนอะไรให้ดีขึ้นได้บ้างในธุรกิจของเรา มีตัวอย่างเห็นภาพชัด อยากให้จัดเวิร์กชอปแบบเป็นภาคต่อของคอร์สนี้ สนุกดีครับ,pos,ชมบ้างติบ้าง
589,เป็นศาสตร์ที่น่าสนใจมาก การเรียนรู้ในเบื้องต้นจากคอร์สทำให้เข้าใจในหลักการการสังเกตและโน้มน้าวพฤติกรรมสำหรับการพัฒนาและออกแบบผลิตภัณฑ์ในอนาคตได้,pos,แนะนำคอร์ส
590,เป็นคอร์สที่ช่วยปูพื้นฐานความเข้าใจเรื่อง พฤติกรรมศาสตร์ที่ดีและครบถ้วนครับ ส่วนตัวคิดว่าเนื้อหาไม่เยอะมากจนเกินไป แต่หลักการต่างๆ สามารถนำไปลองประยุกต์ใช้ เพื่อเรียนรู้ในงานตัวเองได้ค่อนข้างเยอะ,pos,แนะนำคอร์ส
591,สอนได้เข้าใจง่าย เเละสามารถนำมาประยุกต์ใช้ได้กับการทำงานในชีวิตประจวัน เเละเข้าใจวิธีคิดของคนในการสร้างสินค้าใหม่ ๆ ด้วยค่ะ,pos,เข้าใจมากขึ้น
592,เป็นคอร์สที่น่าสนใจและสามารถนำไปประยุกต์ใช้ได้กับหลากหลายงาน หรือแม้แต่กระทั่งในชีวิตประจำวันของเรา,pos,สามารถนำไปใช้
594,มีหลักการทำให้แยกแยะพฤติกรรมได้ เรียนสนุกทำให้อยากเรียนเพิ่มเติม,pos,ชมบ้างติบ้าง
595,สอนเข้าใจง่าย ได้องค์ความรู้ใหม่ๆ,pos,เข้าใจมากขึ้น
597,"ครูเกรท เยี่ยมมาก อธิบายเข้าใจง่าย
เตรียมเนื้อหาดีมาก  พร้อมดักทาง ในสิ่งที่เรา เอ๊ะ คิดว่าน่าจะทำแบบนี้ดีกว่า  แต่ครูเกรทไวกว่า  มาอธิบายเสริมตอนท้ายทุกครั้ง ขอบคุณครับ   
แนะนำคอร์สนี้  สำหรับผู้ที่มีพื้นฐาน Basic Python Programming  และมีพื้นฐานวิเคราะห์ข้อมูล ด้วย Excel ระดับกลาง มาก่อน",pos,แนะนำคอร์ส
598,เป็นคอร์สที่คุ้มทุนมากๆ คนสอนตั้งใจสอนและอธิบายได้ชัดเจน ไม่มีการอมความรู้แต่อย่างใด อยากให้ผลตอบรับออกมาดี เพื่อที่ผมจะได้เลย mathplotlib ต่อ ขอบคุณที่สร้าง Contents ดีๆ แบบนี้ออกมาคับ,pos,สอนดี
599,เป็นคอร์สที่ดีมากๆครับ อยากให้มีคอร์สสอนเกี่ยวกับ pandas มานานเเล้ว สอนสนุก เนื้อหาละเอียด ครบถ้วน ตรงกับการใช้งานจริงๆ ใครทำงานกับข้อมูลที่ต้องเขียนโปรเเกรม ควรค่าเเก่การเรียนมากๆครับ,pos,ชมบ้างติบ้าง
600,พี่เกรทสอนดีมากๆ ไม่น่าเบื่อ มีการแทรกทริคเล็กน้อย มีโบนัสดีมาก ๆ ค่ะ อยากให้มีคอร์ส Visualization ใน Python ต่อค่ะ แล้วมีส่วนลดสำหรับคนซื้อคอร์นี้แล้วเรียนคอร์ส visualize ต่อด้วยค่าา,pos,สอนดี
601,"ตามมาจากที่พี่เกรทสอนใน youtube แล้วก็ไม่ผิดหวังจริงๆครับ เนื้อหาแน่นแต่สอนดี เข้าใจได้ง่าย ระหว่างทางมี quiz ให้ทำเพื่อทบทวน และยังมี practices ให้ฝึกด้วย
รอคอร์สต่อไปอยู่นะครับ",pos,สอนดี
602,ครบจบในคอร์สเดียว ชอบตรงมีการสอนสลับกับการปฏิบัติจริง แถมมีแบบฝึกหัดและ quiz ให้ด้วย ที่ชอบอีกอย่างคือการแบ่งเป็นหมวด ๆ กลับมาทบทวนได้ง่าย คุ้มค่ามากครับคอร์สนี้,pos,ชอบมาก
603,เนื้อหาดีและครบถ้วนสำหรับการนำไปใช้วิเคราะห์ข้อมูล ผู้สอน (คุณเกรท) มีประสบการณ์ในด้านนี้เยอะมากและสามารถถ่ายทอดออกมาได้เป็นอย่างดี,pos,สอนดี
604,ดีมากๆ ตัวอย่างละเอียด เห็นภาพทำให้เข้าใจวิธีใช้และข้อควรระวังทั้งหมด ชอบที่มีการพยายามทวนเนื้อหาเก่าๆให้เรื่อยๆ,pos,เข้าใจมากขึ้น
605,เข้าใจง่ายและมีแบบฝึกให้ฝึกฝนควบคู่ไปด้วยทำให้มีความเข้าใจและการนำไปใช้โค้ดต่างๆได้ดีขึ้น,pos,เข้าใจมากขึ้น
606,สอนสนุก ไม่ช้า ไม่เร็วจนเกินไป มีแนะนำเทคนิคที่ใช้เป็นประจำ และวิธีการศึกษาเพิ่มเติม,pos,ชมบ้างติบ้าง
607,เข้าใจพื้นฐานการทำงานของ numpy&pandas ขึ้นเยอะกว่าเดิม + พี่เกรทสอนดีมากๆๆๆ เลยค่ะ,pos,สอนดี
608,"พี่เกรซสอนเข้าใจง่ายมากเลยค่าาา คอร์สหน้าอยากให้สอนเกี่ยวกับ 
ML ด้วยค่าาา",pos,เข้าใจมากขึ้น
609,เยื้อหาที่เรียบเรียงมา เข้าใจง่ายและใช้ได้จริง,pos,สามารถนำไปใช้
610,เป๋นคอสที่เข้าใจง่าย และ สอนละเอียดมากครับ,pos,เข้าใจมากขึ้น
611,พี่เกรทสอนตลกดีครับ เรียนได้เพลินๆเลย,pos,สอนดี
612,พี่เกรทสอนดีมากกกกกกกกกกกกกๆค่า :),pos,สอนดี
613,รอคอร์ส matplotlib ต่อเลยครับ,pos,แนะนำคอร์ส
614,เป็นจุดเริ่มต้นที่เยี่ยมยอด,pos,เข้าใจมากขึ้น
615,เป็นคอร์สที่ดีมากกค้าบ,pos,สอนดี
616,ได้เทคนิคดีๆ ไปปรับใช้กับงาน,pos,สอนดี
617,ดีมาก ครบครัน,pos,สอนดี
618,สอนเข้าใจง่าย,pos,เข้าใจมากขึ้น
622,Solid fundamentals for those who is getting started in Go. The course cover syntax and code example with some variation when exists.,pos,เข้าใจมากขึ้น
624,เป็นคอร์สเริ่มต้นในการเขียนภาษา Go ที่คุ้มค่ามาก เหมาะสำหรับคนที่เริ่มต้นพัฒนาด้วยภาษา Go,pos,แนะนำคอร์ส
625,"ดีครับ แต่รู้สึกว่ามันไม่ค่อยเป็นมิตรกับผู้เริ่มต้นเท่าไร ผมที่เคยเขียน c, c++ มาบ้างยังงง ๆ อยู่หลาย ๆ จุด แต่ก็ยังแนะนำอยู่ครับ",pos,ชมบ้างติบ้าง
626,รู้สึกว่า K.Pallat สอนได้น่าสนใจ ยกตัวอย่างเข้าใจง่ายครับ แต่บางจังหวะรู้สึกว่าพูดเร็วมาก จนผมต้องย้อนฟังหลายๆรอบกว่าจะเข้าใจ,pos,ชมบ้างติบ้าง
627,สอนเนื้อหาเข้าใจง่ายมีแนะนำ usecase เรื่อยๆ เหมาะกับคนมีพื้นฐานด้านโปรแกรมมาบ้าง,pos,แนะนำคอร์ส
632,อยากไห้มีการยกอย่างที่เพิ่มมากขึ้นสำหรับการนำไปใช้งานในการเขียน code จริงๆๆ,pos,สามารถนำไปใช้
634,เป็นคอร์สที่ดีมาก อธิบายได้ดีและเข้าใจง่ายมากๆ,pos,เข้าใจมากขึ้น
635,คอร์สดี แต่อาจจะไม่เหมาะสำหรับมือใหม่ ต้องไปค้นคว้าเพิ่มเติมเองพอสมควร,pos,ชมบ้างติบ้าง
637,รู้สึกว่าเหมาะกับคนที่มีพื้นฐาน การเขียนโปรแกรมมาแล้วระดับนึง,pos,แนะนำคอร์ส
641,เหมาะสำหรับคนที่มีพื้นฐานการเขียนโปรแกรมมาบ้าง,pos,แนะนำคอร์ส
642,สอนเข้าใจดีมากครับ แต่อาจจะต้องมีพื้นฐาน go อีกนิดหนึ่งจะสามารถตามทันได้เร็ว,pos,ชมบ้างติบ้าง
643,เนื้อหาละเอียดครอบคลุมดีมาก,pos,สอนดี
644,ทำให้พื้นฐานแน่นขึ้นมาก,pos,ชอบมาก
645,เหมาะสำหรับ beginner ค่ะ,pos,เข้าใจมากขึ้น
647,กระชับเข้าใจง่าย,pos,เข้าใจมากขึ้น
649,Go to เทพ,pos,เข้าใจมากขึ้น
650,สั้นมาก,pos,ชอบมาก
651,ละเอียด ลงลึกและเข้าใจง่าย รวมถึงมีเทคนิคในการใช้ Android Studio และเทคนิคในการลดเวลาการพิมพ์ ช่วยให้ทำงานได้เร็วขึ้น,pos,เข้าใจมากขึ้น
653,คอร์สนี้ปูพื้นฐานในการพัฒนา android app ได้ดี อธิบายละเอียด,pos,แนะนำคอร์ส
654,ทำให้รู้ถึงการใช้งาน Database ในลักษณะต่างๆและมีตัวอย่าง use case ทำให้เห็นภาพในการนำเอาไปเลือกใช้ตัดสินใจ ได้รู้อะไรเพิ่มอีกหลายๆอย่าง แนะนำคอร์สนี้ค่ะ คุ้มค่ะ,pos,เข้าใจมากขึ้น
656,สอนเรื่อง databases ประเภทต่างๆที่เหมาะกับรูปแบบการใช้งานเฉพาะได้ดี ผู้สอนยกตัวอย่างที่น่าสนใจ คล้ายสถานการณ์จริง ทำให้เข้าใจได้ชัดเจนยิ่งขึ้น,pos,ชัดเจนเห็นภาพ
657,ชอบการอธิบาย ยกตัวอย่าง การเปรียบเทียบต่างๆ มี use case และ example  ทำให้มองเห็นภาพ เข้าใจมากๆ แนะนำเลยครับ คอร์สนี้คุ้มแน่นอน,pos,ชอบมาก
658,ส่วนของ Example ที่มี use case จริงมาทำให้มองเห็นภาพจากเนื้อหาที่เรียนมา,pos,สามารถนำไปใช้
659,ได้เห็นแนวคิดการเลือก database แต่ละชนิดมาใช้ในตรงกับเป้าหมาย,pos,เข้าใจมากขึ้น
660,สอนดีมากครับ อธิบายได้เห็นภาพ,pos,สอนดี
661,ได้ภาพรวมที่ดีมาก เพราะเรื่อง architecture เป็นอะไรที่หาจากที่อื่นแล้วกระจัดกระจาย พูดไม่ตรงกันเยอะ พอได้มาเห็นการแบ่งตาม approach ที่เปรียบเทียบทั้ง clean architecture และ DDD แล้วชัดเจนขึ้นมากว่าควรเลือกใช้อย่างไร ศึกษาต่ออย่างไร เป็นคอรืศที่ควรเรียนเพื่อไม่เป็นภาระต่อผู้อื่นและตัวเองในอนาคต,pos,ชมบ้างติบ้าง
662,เป็นคอร์สที่ดีมากสำหรับผู้ที่ต้องการศึกษาเกี่ยวกับ software architecture ผู้สอนอธิบายหลักการต่างๆ ด้วยภาษาที่เข้าใจได้ง่าย ไม่ซับซ้อน แนะนำว่าควรเรียนครับ,pos,ชมบ้างติบ้าง
663,การยกตัวอย่างที่ดีทำให้คำอธิบายก่อนหน้าเห็นภาพมากยิ่งขึ้น และรู้ว่าสิ่งที่เรียนไปผู้เรียนสามารถนำไปใช้ได้ในสถานการณ์แบบไหน,pos,ชมบ้างติบ้าง
664,ผู้สอนอธิบายและจัดเรียงเนื้อหาได้ดี ทำให้ทำความเข้าใจได้ไม่ยาก ชอบการยกตัวอย่างการคุยกันระหว่างฝั่ง business กับ dev,pos,ชมบ้างติบ้าง
667,มีจังหวะบางช่วงที่พูดติดขัดแล้วไม่สามารถเข้าใจได้ แต่การอธิบายโดยรวมทำให้เข้าใจการออกแบบได้ดี,pos,ชมบ้างติบ้าง
668,ตัวอย่างน้อยไปหน่อย อยากได้อีกนิดนึง ปูพื้นได้ดีสำหรับ ผมที่เป็น sale IT Director,pos,แนะนำคอร์ส
669,อธิบายได้ clear ทุก concept เข้าใจมากขึ้นเยอะ,pos,เข้าใจมากขึ้น
671,"คนสอบวาง structure ไว้ดีมากครับ
มีAnalogy ที่ทำให้เห็นตัวอย่างง่าย
รวมถึงไม่ใช่พวก buzzword / technical word เยอะเกินไป
ทำให้ผมในฐานะฝั่ง Business ที่ไม่ได้มีความรู้เรือง software มาก่อน follow จนจบได้",pos,ชมบ้างติบ้าง
673,เหมาะมากๆกับจูเนียร์แบบเรา เพราะหลายอย่างมองข้ามมาตลอด สอนเข้าใจง่ายไม่เร็วหรือช้าเกินไป บางคลิปสามารถดูแบบ x 1.25 หรือ x 1.5 ได้ ขอบคุณที่ทำเนื้อหาดีๆแบบนี้มาให้ได้เรียนนะคะ,pos,ชมบ้างติบ้าง
674,เป็นคอร์สที่เหมาะสมสำหรับผู้ที่ต้องการจะพัฒนา Skill Programmer ภายในตัวคอร์สมีการแนะนำวิธีต่างๆ จากประสบการณ์ของผู้สอนและมี Keyword ที่สำคัญให้ผู้เรียนไปศึกษาเพื่อต่อยอดได้,pos,แนะนำคอร์ส
675,ได้เห็นภาพกว้างๆ ของการทำงานด้าน software ด้าน web development ดีครับ ชอบตรงที่เอาจุดที่มักผิดพลาดบ่อยๆมาสอน แล้วแสดงให้เห็นว่าควรแก้ไขยังไง เพื่อให้การทำงานดีขึ้น,pos,ชมบ้างติบ้าง
676,ทำให้เข้าใจภาพรวมของการเป็นนักพัฒนาโปรแกรมที่ดี และเห็นถึงความสำคัญในด้านของsoft skill ที่ developer ทีดีต้องมีเพื่อให้สามารถทำงานกับทีมได้อย่างมีประสิทธิภาพ,pos,เข้าใจมากขึ้น
677,ตามมาดู เพราะเคยเห็นคนสอน สอนใช้ Reack Hook ในยูทูป 555 ภาพรวมคอร์สนี้สอนดี เข้าใจง่าย อธิบายเรื่องใหญ่ๆยากๆสรุปมาเป็นเรื่องราวที่เข้าใจง่ายฟังเพลินๆเลยครับ,pos,สอนดี
678,"ในเนื้อหามีการอ้างอิงงานวิจัย 
เช่น People Skills ว่าด้วยเรื่องการวิพากษ์วิจารณ์การทำงาน
ถ้าเป็นไปได้ช่วยลง ref พวกนี้ด้วยจะดีมากครับ",pos,เข้าใจมากขึ้น
679,ถึงแม้จะไม่ได้เป็น programmer แต่ทำงานกับ programmer เป็นประจำ เข้าใจภาพรวมการทำงานมากขึ้น เพิ่งจะเข้าใจเมื่อได้มาเรียนคอร์สนี้,pos,ชมบ้างติบ้าง
680,รวมๆแล้วเป็นคอร์สที่ทำออกมาค่อนข้างดี มีเนื้อหาค่อนข้างครบถ้วน แต่คิดว่าน่าจะเพิ่มเรื่อง security เข้าไปด้วย ส่วนเรื่อง design patterns ถ้ามีรายละเอียดเพิ่มเติม หรือยกตัวอย่างมากกว่านี้ จะดีมาก,pos,ชมบ้างติบ้าง
681,ดีมากครับ เป็นเหมือนเช็คชีตให้คนที่อยู่ในสายงานไอทีได้สำรวจตัวเองว่ายังต้องพัฒนาสกิลด้านไหน ยิ่งรู้เร็วยิ่งได้เปรียบครับ,pos,ชมบ้างติบ้าง
682,ผู้สอน อธิบายได้ชัดเจน เห็นทั้งภาพกว้างและมุมแคบๆได้ดีมากครับ เนื้อหาก็ครอบคลุมเรื่องที่ programmer ควรรู้,pos,ชัดเจนเห็นภาพ
685,เนื้อหาเหมาะกับ New Grads มากๆเลยครับ อธิบายเนื้อหาที่สามารถนำไปต่อยอดในงานสเกลใหญ่ๆ ได้เลย,pos,สามารถนำไปใช้
686,ได้เห็นภาพใหญ่ของ สายนี้มากขึ้น และได้มุมมองที่จะนำไปปรับใช้ให้งานมีประสิทธิภาพมากขึ้นด้วย,pos,เข้าใจมากขึ้น
687,สามารถเอามาใช้เป็นแนวทางได้เลยครับ แต่อยากให้มีแนะนำด้วยว่า ถ้าเราอยากไปศึกษาเรื่องนั้นๆต่อ มีแนะนำตรงไหนไหม จะทำให้ไปต่อได้ง่ายขึ้นครับ,pos,เข้าใจมากขึ้น
688,ยอดเยี่ยม ย่อยเนื้อหาได้ดี อธิบายได้เห็นภาพ และร้อยเรียงเข้าด้วยกันจนเห็นภาพใหญ่ชัดเจน,pos,ชัดเจนเห็นภาพ
690,เป็น FC พี่บอยอยู่แล้วครับเลยชอบมาก ๆ จริง ๆ จะให้ 100 ดาวด้วยซ้ำแต่กดได้ 5 ดาว,pos,ชอบมาก
691,ผู้สอนอธิบาย ยกตัวอย่าง และใช้ภาษาที่เข้าใจง่าย เป็นคอร์สที่ดีมากๆ เลยครับ,pos,เข้าใจมากขึ้น
692,เป็นคอร์สที่รวมข้อมูลทุกอย่างที่จำเป็นสำหรับการเริ่มต้นเป็น programmer จริงๆ,pos,แนะนำคอร์ส
693,"ทุกคนที่เกี่ยวข้องกับสายงานDev ควรจะมาดู เดี๋ยวนี้!
จะได้คุยกันรู้เรื่อง",pos,เข้าใจมากขึ้น
694,ชอบพี่คนสอนมากๆครับ ใช้คำพูดได้น่าฟัง และเป็นคอร์สที่เปิดโลกมากๆ,pos,ชอบมาก
696,"น่าจะมีแนะนำ ﻿﻿Tools  ที่ใช้ในการทำงาน เช่น ทำ Replicate Data base, Scale Server",pos,เข้าใจมากขึ้น
697,มาลองลงเรียนครับ ตั้งใจฟังเพียง 3 ชั่วโมง อาจจะช่วยเพิ่มเติมจุดที่มองข้ามไปได้,pos,ชมบ้างติบ้าง
698,เป็นการทบทวนที่ดีมาก ทำให้เข้าใจภาพรวมมากยิ่งขึ้น,pos,เข้าใจมากขึ้น
699,ได้มุมมองใหม่ ๆ ในการเป็น software engineer,pos,เข้าใจมากขึ้น
700,อธิบายเข้าใจได้ง่าย ใช้เวลาเรียนไม่นานเลย,pos,ชมบ้างติบ้าง
701,เป็นคอร์สที่เล่าเรื่องภาพรวมได้ดีมากๆครับ,pos,สอนดี
703,ดีมากครับ เหมาะสำหรับทุกคนเลย,pos,สอนดี
704,คอร์สเหมาะสำหรับ junior ครับ,pos,แนะนำคอร์ส
705,อธิบานเข้าใจง่ายดีครับ,pos,สอนดี
706,อธิบายได้เข้าใจง่ายมาก,pos,เข้าใจมากขึ้น
707,เนื้อหาดี ขอบคุณมากค่ะ,pos,ชอบมาก
709,ชอบมากๆเลยค่ะ,pos,ชอบมาก
711,"เราเป็นนักศึกษาจบใหม่ค่ะ ดีใจมาก ๆ ที่ได้มาเรียนคอร์สนี้ ชอบเนื้อหา และวิธีการนำเสนอของวิทยากรมากเลยค่ะ เข้าใจง่าย เห็นภาพชัดเจน 

อยากเสริมว่าถ้ามีการขึ้น text ที่เป็น keyword ขณะที่บรรยายขึ้นมาด้วยน่าจะโอเคขึ้นค่า 

แต่โดยรวมถือว่าโอเคมาก ๆ แล้ว เราได้ความรู้ มุมมอง และแพชชั่นใหม่ ๆ ในการทำงานมากเลย",pos,ชอบมาก
712,เป็นคอร์สที่เหมาะกับคนทำงานในองค์กร เพื่อพัฒนาตัวเองให้เก่งขึ้น และเหมาะกับองค์กรด้วย สำหรับหัวหน้าทีมหรือทีม HR เพราะว่าการเป็น top performer ไม่ใช่แค่คนทำงานเพียงอย่างเดียว องค์กรจะต้อง support พนักงานด้วยนะ,pos,แนะนำคอร์ส
713,เรียนรู้สิ่งใหม่ๆสิ่งเล็กๆที่บางครั้งเรามองข้ามโดยไม่ตั้งใจ ได้เรียนรู้ในการพัฒนาตนเองในการทำงาน เพื่อให้การทำงานในทีมมีประสิทธิภาพมากขึ้นและสร้างประโยชน์ต่อองค์กรได้เพิ่มขึ้น,pos,เข้าใจมากขึ้น
714,ชอบการแบ่งเนื้อหาเป็นเวลาพาร์ทสั้นๆทำให้เรารู้สึกโอ๊ยจบละกดดูต่อ ทำให้เราอยากดูไปเรื่อยๆเพราะเดี๋ยวก็จบแล้ว แต่บางจังหวะก็พูดเร็วจนฟังไม่ทันเลยค่ะ เนื้อหาดีมากเลยค่ะเป็นแนวทางให้คนที่ต้องการพัฒนาตัวเอง,pos,ชมบ้างติบ้าง
715,เป็นได้ทั้ง Guideline ให้กับพนักงานที่อยากจะเป็น Top performance และให้กับหัวหน้าที่จะมองหา Top performance จากในทีม,pos,เข้าใจมากขึ้น
716,ทุกคนที่ทำงานในองค์กรควรต้องได้เรียน คนสอนพูดจาฉะฉาน อธิบายทั้ง 10 ข้อได้เห็นภาพ และจดจำได้ง่าย,pos,ชมบ้างติบ้าง
717,มิงเห็นและเข้าใจ medel ที่ช่วยทำให้เราสนุกกับการทำงาน และให้ประสิทธิภาพสูงต่อองค์กร,pos,เข้าใจมากขึ้น
718,ตอบโจทย์ เข้าใจง่าย ทำให้ตระหนักได้ว่าหากเราอยากก้าวหน้าในองค์กรควรทำตัวอย่างไร,pos,ชมบ้างติบ้าง
720,คอร์สนี้ดีมากๆๆ ปกติที่เคยทำงานแบบหลงทางๆ จะได้โฟกัสได้ดียิ่งขึ้น,pos,แนะนำคอร์ส
721,ผู้สอนอธิบายใจความได้ละเอียดดีมาก + ทำให้เอาไปใช้ในการพัฒนาตัวเองในองค์กรณ์ในชีวิตประจำวันได้ด้วย,pos,เข้าใจมากขึ้น
722,เนื้อหาเหมาะกับทั้งหัวหน้าและลูกน้อง ขอบคุณที่มาแชร์มากๆครับ,pos,ชอบมาก
723,ชื่อคอร์ส กับเนื้อ สัมพันธ์กันมาก และเนื้อกระชับเข้าใจง่าย,pos,เข้าใจมากขึ้น
724,ดีค่ะ เนื้อหาย่อยง่าย กระชับ นำไปใช้ประโยชน์ได้,pos,สอนดี
728,สรุปสั้นๆได้ดี เข้าใจง่ายได้ใจความ,pos,เข้าใจมากขึ้น
729,เป็นบทสรุป 10 ที่ชัดเจน ค่ะ,pos,ชัดเจนเห็นภาพ
731,ควรค่าแก่การฟังครับ,pos,เข้าใจมากขึ้น
732,วิทยากรบรรยายไวไปนิดนึงนะคะ,pos,เข้าใจมากขึ้น
733,คิดว่าเป้นคอร์สที่ดีมาก ๆ สำหรับคนที่อยากจะศึกษาหาความรู้เกี่ยวกับ AGILE management ในองค์กรณ์เเละกระบวนการทำงาน มีการยก case study ที่น่าสนใจมาเป็นตัวอย่างเเละผู้สอนมีความเข้าใจในเชิงagile อย่างถ่องเเท้ สามารถอธิบายframework ยาก ๆ เเตกออกมาเป็นกระบวนการที่เข้าใจง่าย เหมาะมาก ๆ สำหรับคนที่อยากจะศึกษาเพิ่มเติมเเละเอาไปต่อยอดในเรื่องของ project / organization management,pos,แนะนำคอร์ส
734,ช่วยทำให้เข้าใจ agile แบบง่ายๆ อาจารย์ต้าสอนดี พูดแล้วฟังเข้าใจง่าย ไม่น่าเบื้อ แม้คอร์สจะใช้เวลาประมาณเกือบ 3 ชั่วโมง และชอบที่มีเคสต่างๆยกมาเยอะที่เกี่ยวกับการทำ Agile ช่วยให้เข้าใจมากขึ้น,pos,เข้าใจมากขึ้น
735,เป็นคอร์สที่ดีมากๆค่ะ ทำให้เข้าใจการทำงานแบบ Agile ได้ชัดเจน case study สามารถช่วยให้เห็นภาพมากขึ้น และสามารถนำไปต่อยอดในการทำงานได้ค่ะ,pos,สามารถนำไปใช้
736,ถ้ากำลังทำงานโปรเจกต์อยู่แล้วรู้สึกหลงทาง การเรียนคอร์สนี้เหมือนได้กลับมาตั้งต้นใหม่ เห็นภาพกว้างๆ เพื่อจะเดินต่อไปได้อย่างมั่นใจขึ้น,pos,แนะนำคอร์ส
737,ได้เข้าใจ Framwork และวิธีการคิดเกี่ยวกับ Agile ได้ดีขึ้นมากๆ สิ่งสำคัญคือ Value ที่เราจะส่งมอบให้กับลูกค้า ประทับใจมากคะ :),pos,ชอบมาก
738,นำสิ่งที่ควรรู้สำหรับการทำ Agile มาย่อยให้ค่อยๆ ได้เรียนรู้กันไปแบบเข้าใจง่ายมากๆ สมกับชื่อคอร์ส Agile Essentials จริงๆ ค่ะ,pos,ชมบ้างติบ้าง
739,Essential สมชื่อคอร์ส เหมาะสำหรับคนที่มาจากสายงานอื่น completely แต่สงสัยมานานว่า Vocab ทั้งหลายที่เห็นใน JD ตามเว็บสมัครงาน มันคืออะไรเสียที เข้าใจเห็นภาพชัดเจนเลยครับ,pos,ชัดเจนเห็นภาพ
740,เป็นพื้นฐานเริ่มต้นที่ดีที่ทำให้เราเข้าใจ objective ของภาพรวมการทำงานแบบ Agile และมีตัวอย่างที่เข้าใจง่าย ทั้งเชิง Software dev. and Business process (project mgt),pos,แนะนำคอร์ส
741,"เป็นคอร์สเริ่มต้นของ Agile ไม่ได้ลงรายละเอียดเชิงลึก แต่ได้เห็นภาพรวมของการทำงานแบบ Agile ได้
ผู้สอนสามารถอธิบายได้ดี เข้าใจง่าย",pos,แนะนำคอร์ส
742,ได้ทั้งความรู้ และ Mindset ที่จะนำไปปรับใช้ต่อให้ในทีมได้อีกมากเลยครับ,pos,ชอบมาก
743,สอนเข้าใจง่าย เข้าใจ concept Agile และการนำไปใช้งานได้ดีมากขึ้นค่ะ,pos,เข้าใจมากขึ้น
744,"ครบถ้วน คอนเซปต์ และตัวอย่าง Lean, Agile ช่วยให้ได้ mindset",pos,เข้าใจมากขึ้น
747,ได้แง่คิดที่จะไปปรับใช้กับการทำงานของตนเองได้ดีมาก,pos,สอนดี
748,มาเรียนกันเถอะครับ จะได้เลิก Agile แบบงงๆ,pos,ชมบ้างติบ้าง
750,สร้างความเข้าใจ และให้เห็นภาพในเรื่องต่างๆ ได้ชัดเจนขึ้น,pos,ชัดเจนเห็นภาพ
751,เข้าใจ Agile มากขึ้นเยอะเลยค่ะ,pos,เข้าใจมากขึ้น
752,"เป็นคอร์สที่ดีมากคอร์สนึงเลย เพราะเราอาจจะชินกับ คำบางคำหรือประโยคที่เราใช้ประจำจนลืมคิดไปถึงความรู้สึกของผู้ใช้ เมื่อเรียนคอร์สนี้แล้ว ทำให้ได้รู้ถึง ความสำคัญของงาน UX Writing ขึ้นมาเลยทีเดียว กำนิยามคำว่า "" ถ้าคำพูดที่ดูดีเพียงไม่กี่คำ ก็ทำให้แอพพลิเคชั่นนั้นดูดีขึ้นมาเลยทีเดียว """,pos,ชมบ้างติบ้าง
753,สำหรับคนนอกสายงาน UX แต่สนใจด้าน UX Writing คอร์สนี้คือตอบโจทย์มาก เพราะได้เรียนรู้หลักการและกระบวนการทำงานที่ใช้จริงในสายงานนี้ ส่วนตัวแล้วรู้สึกว่าช่วยได้เยอะกับคนที่กำลังต้องการจะเปลี่ยนสายงานตัวเองมาเป็น UX Writer,pos,ชมบ้างติบ้าง
754,เคยคิดว่า ใช้ภาษาเขียนที่เป็นทางการไว้จะดีที่สุด จนกระทั่งได้เรียนคอร์สนี้ เป็นคอร์สที่ดีมากๆ ครับ คิดว่าสามารถนำไปประยุกต์ใช้ได้กับงานสาย Marketing ได้ด้วย,pos,ชมบ้างติบ้าง
755,"ได้เห็นหลักการการเขียนที่เฉพาะเจาะจงในการทำ UX 
ชอบแนวคิดจิตวิทยาที่ใช้ในการเขียนต่างๆ 
การใช้คำภาษาพูดเพื่อสื่อสารกับ user ให้ง่ายขึ้น",pos,เข้าใจมากขึ้น
756,สอนพื้นฐานที่ควรรู้ได้ดี เข้าใจง่ายกว่าอ่านเอง แต่ไปเร็วมาก ต้องกดย้อนฟังใหม่เรื่อยๆ หรือกดหยุดเรื่อยๆ ชอบที่มีแบบฝึกหัดให้ค่ะ,pos,ชมบ้างติบ้าง
757,เนื้อหาโอเคเข้าใจง่ายค่ะ แต่สไลด์เป็นภาษาอังกฤษหมด และมักจะอธิบายไทยปนอังกฤษด้วยทำให้บางเรื่องก็เข้าใจยากค่ะ,pos,ชมบ้างติบ้าง
758,เหมาะกับผู้ต้องการเข้าใจภาพรวมเรื่อง UX writing เบื้องต้นสำหรับไปศึกษาต่อหรือทดลองปฏิบัติเพิ่มเติมเองค่ะ,pos,แนะนำคอร์ส
760,เนื้อหา Airflow ค่อนข้างครอบคลุม มีการแทรกเรื่องที่จำเป็นต้องรู้ในการทำ Data Pipeline ในมิติต่าง ๆ ด้วย ความรู้จากคอร์สนี้สามารถนำไปต่อยอดและเพียงพอต่อการประยุกต์ใช้ในงานจริง,pos,สามารถนำไปใช้
761,ได้เรียน airflow ลึกกว่าที่คิดไว้มาก เนื้อหาครอบคลุมเรื่องที่ควรจะรู้ทุกอย่างเลย สามารถเอาไปใช้งานต่อได้เลย,pos,ชอบมาก
762,เป็นคอร์ส Scala สำหรับทุกคนที่จะเริ่มเขียนภาษานี้ หรือสนใจอยากลองเล่น ต้องได้เรียนครับ ตัวอย่างที่ใช้สอนสามารถเข้าใจได้ง่าย และทำตามได้,pos,แนะนำคอร์ส
763,สอนสนุก เข้าใจได้ง่าย ทำให้เห็นข้อดีต่างๆของ Scala ได้เป็นภาพ และสามารถนำไปประยุกต์ใช้งานได้จริง,pos,สามารถนำไปใช้
764,เป็นคอร์สที่มีการสอนอย่างครอบคลุม ครบถ้วน สอนถึงวิธีการลำดับความคิด วิธีการออกแบบสไลด์ รวมถึงเทคนิคการออกแบบต่างๆ ครูได้แนะนำหนังสือ เว็บไซต์ที่สามารถนำเป็นตัวอย่างในการออกแบบและการเลือกสี มีการสอนเทคนิคการใช้เครื่องมือใน powerpoint ที่ทำให้ง่ายต่อการออกแบบสไลด์ มีการให้ทำ workshop และสรุปบทเรียนทั้งหมด ทำให้การทำสไลด์ไม่ยากอย่างที่คิด,pos,เข้าใจมากขึ้น
765,คุณออย ตั้งใจทำออกมาได้ดีมาก สอนดีมากครับ,pos,สอนดี
766,คิดว่าเป็นคอร์สที่ครบและจบนะ สำหรับการเริ่มต้น sketch ภาพด้วย procreate เรียนแล้วรู้สึกว่าวาดได้ แม้จะไม่เคยเรียนวาดรูปมาก่อน ชอบที่มีการปูพื้นไล่ลำดับพื้นฐานที่สำคัญในการวาด แนะนำไอเดียการเลือกสิ่งที่วาด/มุมมองและการลงสี ลงแสงเงา คนสอนเก่งมาก ให้เทคนิค ชี้จุดที่คนมักพลาด แปลกใจเหมือนกัน ตอนเรียน คนสอนวาดให้ดู รู้สึกง่าย ทำตามได้แน่ๆ แต่พอลองวาด คือรู้เลยว่าคนสอนเก่งมากจริงๆ ต้องฝึกฝน ส่วนตัวชอบแบบฝึกหัดและสรุปมากกก,pos,ชมบ้างติบ้าง
767,คอร์สนี้เหมาะมากกับคนที่กำลังมองหาหนทางในการทำให้คนในทีม มองเห็นภาพรวมของบริษัทร่วมกัน ชอบที่สอนให้เห็นว่า ที่มาที่ไปของ OKRs มันโดนถอดมาจาก Mission และ Vision ของ บริษัทอย่างไร รวมถึงได้ยกตัวอย่างหลายๆ อย่างที่ตอบข้อสงสัย ที่เคยทำ OKRs ในทีมแล้วไม่สำเร็จด้วย,pos,ชมบ้างติบ้าง
768,เป็น 1 ใน course ที่อธิบาย OKRs ชัดเจน และเข้าใจง่ายที่สุดในประเทศไทย,pos,ชัดเจนเห็นภาพ
770,สอนพื้นฐานการใช้เครื่องมือ webscraper.io อย่างเป็นขั้นเป็นตอน ชัดเจน จากระดับง่ายๆ ไปถึงยากขึ้น มีตัวอย่างการ scrap หลากหลายเว็บไซต์ ช่วงท้ายมีสอน css อย่างเข้าใจง่าย เพื่อให้ดึงข้อมูลที่ต้องการได้ยืดหยุ่นขึ้น,pos,ชัดเจนเห็นภาพ
771,สนุกและมีประโยชน์มากค่ะ อาจารย์สอนเข้าใจง่าย ได้ฝึกทำไปด้วยจริงๆ ทำให้สามารถจำบทเรียนเพื่อนำไปใช้งานได้จริง,pos,สามารถนำไปใช้
772,คอร์สเรียนเข้าใจง่ายมาก คนไม่มีพื้นฐานก็สามารถเรียนได้ ตัวอย่างก็เห็นภาพชัดมากขึ้นเลยค้าบ,pos,แนะนำคอร์ส
773,แนะนำเลย สำหรับคนที่สนใจการวิเคราะห์ข้อมูล,pos,แนะนำคอร์ส
774,ใช้งานง่าน ทำได้จริงง,pos,สามารถนำไปใช้
775,very good,pos,เข้าใจมากขึ้น
776,ได้ความรู้ดีมากค่ะ,pos,สอนดี
777,5,pos,เข้าใจมากขึ้น
778,น้ำเสียงคำพูดการสื่อสารชัดเจนเข้าใจง่ายดีมากครับ,pos,ชัดเจนเห็นภาพ
780,เยี่ยมครับ,pos,เข้าใจมากขึ้น
781,เพิ่มมุมมอง  แนวคิดดีๆในการทำงาน,pos,สอนดี
782,ปรับ mindset ได้ดีครับ,pos,เข้าใจมากขึ้น
783,ดูจนจบ ได้ความรู้เยอะและเข้าใจง่ายมากๆคะ,pos,ชอบมาก
784,สอนดีมากเลยค่ะ สั้น กระชับ,pos,สอนดี
785,ok,pos,เข้าใจมากขึ้น
786,ขอบคุณมากครับ,pos,ชอบมาก
787,ได้ความรู้จากที่ไม่เคยรู้แล้วก็ไม่รู้ว่าจะไปหามาจากไหน ตอนนี้รู้แล้ว เมื่อเรียนคอร์สนี้เสร็จจะหาคอร์สอื่นของบริษัทนี้เรียนต่อ ขอบคุณมากครับ,pos,ชมบ้างติบ้าง
788,อาจารย์สอนได้ดีมากค่ะ น้ำเสียงท่าทาง น่าฟังน่าดู เรียนเพลินค่ะ เรียนหลายรอบเลยค่ะ ได้ทบทวน และนำไปปรับใช้ได้จริง,pos,สอนดี
789,อาจารย์สอนเข้าใจง่าย และมีแบบฝึกให้ลองทำ,pos,เข้าใจมากขึ้น
792,ให้ความรู้ดีค่ะ,pos,สอนดี
793,นอกจากใช้สอนลูกแล้ว พ่อแม่เองก็ได้ทบทวนภาษาไปด้วยในตัวค่ะ สนุกดีค่ะ,pos,สอนดี
794,เป็นบทเรียนที่ดีมากครับ,pos,สอนดี
796,"The missing piece, there every trader find out. is here krub.",pos,เข้าใจมากขึ้น
797,สอนดี เข้าใจง่าย,pos,สอนดี
799,เห็นภาพ และเข้าใจมีการแสดงที่ชัดเจน,pos,ชัดเจนเห็นภาพ
800,ชัดเจน และสามารถนำไปใช้ในชีวิตประจำวันในประเทศจีน และได้ความรู้จากภาษาจีน,pos,ชัดเจนเห็นภาพ
801,คุ้มค่าต่อการเสียเงิน Happy เข้าใจง่าย ใช้ได้จริง รักครูเงาะมากๆฮะ ถือว่าคอมพรีทแล้วที่ได้เรีบนกับครูเงาะสักครั้งนึง,pos,สามารถนำไปใช้
802,สนุก เข้าใจง่าย ใช้ได้จริง ขอบคุณค่ะ,pos,สามารถนำไปใช้
803,ครูสอนดีเข้าใจ ลงตัว นำไปใช้ในชีวิตประจำวันได้ครับ...,pos,สอนดี
805,สอนเข้าใจง่าย ชัดเจน ใช้ได้จริงค่ะ ขอบคุณมากๆเลยค่ะ,pos,เข้าใจมากขึ้น
807,Good Thread Group Explanation,pos,เข้าใจมากขึ้น
808,"ได้รู้เรียน Indicator, จุดเข้า, จุดขาย, stop loss กับ mind set ในการเทรด
คิดว่ามั่นใจในการเทรดมากขึ้น
ขอบคุณครับ",pos,ชมบ้างติบ้าง
809,ได้ความรู้และสนุกสนานมากค่ะ,pos,ชอบมาก
810,27  c และ d ซ้ำ.....,pos,เข้าใจมากขึ้น
811,เนื้อหาครอบคลุมแทบหมด ลองไปกด F12 เว็บอื่นดูสามารถอ่านโค๊ดเข้าใจ90%,pos,เข้าใจมากขึ้น
812,เนื้อหาครบ อธิบายดี เหมาะสำหรับ ผู้เริ่มต้น ครับ  แนะนำครับ,pos,แนะนำคอร์ส
813,คุ้มค่ากับความรู้ที่ได้มากครับ ที่สำตัญมี ชีทสรุปให้ด้วย ไว้ทวนความจำ ได้เป็นอย่างดี ครับ,pos,ชอบมาก
814,อธิบายได้ละเอียด ชัดเจนดี สามารถทำตามได้ทัน,pos,ชัดเจนเห็นภาพ
815,ชอบครับ,pos,เข้าใจมากขึ้น
816,ชอบมากครับ แต่ก็รู้สึกยากอยู่ครับ,pos,ชอบมาก
818,สั้นดี,pos,สอนดี
820,ดีมากเลยครับเข้าใจอะไรมากขึ้นเกียวกับ nft,pos,เข้าใจมากขึ้น
822,เข้าใจง่าย ฟังเพลินดีค่ะ ติดตรงที่มีคำติดปากท้ายประโยค เช่น อ่า แต่โดยรวมดีเลยค่ะ เป็นบทเรียนที่ช่วยค้นหาคำตอบบางอย่างในชีวิตให้กับตัวเอง ขอบคุณที่มาเเบ่งปันนะคะ,pos,สอนดี
823,วิทยากร บรรยา เข้าใจง่าย มีการยกตัวอย่างประกอบ การลงทะเบียน การเข้าเรียน ก้สะดวก,pos,เข้าใจมากขึ้น
824,สอนดีมากครับ เรื่อง Money Management เป็นเรื่องที่ผมตามหามานาน ไม่ค่อยมีสอน ได้ความรู้เยอะมากครับ ขอบคุณครับ,pos,สอนดี
825,อธิบายดีมาก ใจเย็น เข้าใจง่าย ชอบมากค่ะ,pos,เข้าใจมากขึ้น
826,สอนเข้าใจง่าย,pos,เข้าใจมากขึ้น
827,เหนื่อยแน่,pos,เข้าใจมากขึ้น
829,"โดนตกจากคอร์สนี้จากคำว่า 
""สไตล์คนใช้ Excel"" อยากเรียนอยู่แล้ว ก็เลยสมัครดู บวกกับดูพรีวิวการสอนของอาจารย์ น้ำเสียงไม่เครียด สนุก

หลังจากเรียนบทจากที่ 3 เท่านั้น
สิ่งที่น่าประทับใจนอกเหนือจากโปรแกรม power BI ก็คือ 
1. การเรียงลำดับการสอนที่ดี
2. อธิบายเข้าใจและมีการยกตัวอย่างที่ทำให้เห็นความแตกต่างของผลลัพธ์
3. สำหรับคนที่ไม่มีพื้นฐานอย่างเรา เรียน ทำตามถึงแค่บทที่ 3 อาจารย์พาตั้งข้อสังเกต ลองเล่น จนคุ้นชิน

รวมๆ แล้ว เรียนสมัครเรียนไม่ผิดคอร์สจริงๆค่ะ",pos,ชมบ้างติบ้าง
830,เข้าใจง่าย,pos,เข้าใจมากขึ้น
831,เป็นเนื้อหาที่ดีมากเลยค่ะ แต่เหมือนต้นคลิปไม่ได้สอนตั้งแต่เริ่มสร้าง Account พยายามหาต้นคลิปแล้วไม่เจอเลยค่ะ แต่ไม่ยากค่ะ พอได้แล้วเรียนตามคลิปได้เลยค่ะ ได้อะไรเยอะเลยค่ะ ช่วยผู้ประกอบการSMEได้ดีมากๆค่ะ,pos,ชมบ้างติบ้าง
833,ดีมากๆเลยค่ะ ชอบมากๆเลย,pos,ชอบมาก
834,good course,pos,เข้าใจมากขึ้น
835,ดีกว่าทุกคอร์ส ชัดเจน,pos,ชัดเจนเห็นภาพ
840,สอนเข้าใจง่ายเทคนิคน่าสนใจคับ,pos,เข้าใจมากขึ้น
841,good Krab,pos,เข้าใจมากขึ้น
842,เข้าใจรายละเอียดมากคะ,pos,ชอบมาก
843,awesome example,pos,เข้าใจมากขึ้น
844,ชอบ Way of Working  เห็นภาพและได้แนวทางลองทำงานได้จริงครับ และ case study สามารถเชื่อมโยงกับเนื้อหาได้ชัดเจนมากครับ,pos,ชัดเจนเห็นภาพ
845,"ได้เห็นภาพรวมของการทำ product และเข้าใจมากขึ้นครับ ชอบเรื่อง MVP, การวัดผล, และ case study มากที่สุดในคอร์สนี้ ขอบคุณมากครับ :D",pos,ชอบมาก
847,good,pos,เข้าใจมากขึ้น
848,"การบริหารเวลา คือ key of success 
คุณจะได้เวลาที่มีคุณภาพเพิ่มขึ้น
เป็นคนนึงที่รู้สึกว่าทำงานไม่เคยเสร็จเลย ยุ่งทุกวัน
ถ้าคุณรู้สึกแบบนั้นเช่นกัน อยากให้มาฟังค่า เข้าใจง่ายมาก
ขอบคุณที่ได้มีโอกาสเรียนคอร์สนี้ ดีมากกกกกค่า",pos,ชมบ้างติบ้าง
850,ได้รับข้อมูลที่สามารถไปต่อยอดในการวางแผนออกแบบได้ พร้อมแหล่งข้อมูลให้หาเพิ่มเติมด้วย,pos,เข้าใจมากขึ้น
851,ขอเอกสารประกอบด้วยจะได้ไหมคะ,pos,เข้าใจมากขึ้น
854,สอนละเอียดดีค่ะ,pos,สอนดี
856,โค้ชสอนเข้าใจง่าย อธิบายดีมากครับ,pos,เข้าใจมากขึ้น
858,ให้ความรู้และความลึกในการเทรดหุ้นได้เป็นอย่างดีครับ,pos,สอนดี
859,Ok,pos,เข้าใจมากขึ้น
861,ดีมากๆครับแต่ต้องทำความเข้าใจหน่อย,pos,สอนดี
862,Good,pos,เข้าใจมากขึ้น
863,ดีมากค่ะ,pos,สอนดี
864,ตามมาจากคอร์ส speak with me ค่ะ เห็นว่ามีคอร์สใหม่มา ชอบกราฟฟิก เข้าใจง่าย และได้ฝึกทำแบบฝึกหัดหลังเรียนด้วย thank you teacher Eim ❤️,pos,ชมบ้างติบ้าง
865,ชอบ student book มากค่ะ แต่อยากให้มีออกมาเป็นหนังสือขายเลย ชอบที่มีแบบฝึกหัดให้ทำเพิ่มค่ะ ทำให้เข้าใจขึ้น คอร์สเป็นภาษาอังกฤษหมด แต่ภาษาไม่ยากมาก ใครไม่เข้าใจเรื่อง tense แนะนำคอร์สนี้เลยค่ะ :),pos,ชอบมาก
866,ขอบคุณteacherอิ๋มมากเลยค่ะ เข้าใจเรื่อง tense ขึ้นเยอะเลย คลิปฟังง่ายและก็สอนเข้าใจง่าย ดีมากๆเลยค่ะ,pos,เข้าใจมากขึ้น
867,ดีมากกกกกกกกกกค่ะ,pos,สอนดี
868,สอนดี ครับละเอียดคุ้ม,pos,สอนดี
869,อะไรที่เคยมองข้ามไปพี่ก็จะเสริมให้ เคยเรียนที่อื่นมาค่ะแต่ไม่ละเอียดเท่านี่ พี่สอนดีค่ะคอร์สนี้แนะนำ,pos,ชมบ้างติบ้าง
870,สอนดีมากครับ,pos,สอนดี
871,10,pos,เข้าใจมากขึ้น
873,ใช้ได้ครับ,pos,เข้าใจมากขึ้น
874,สอนละเอียดดีครับ,pos,สอนดี
875,เข้าใจง่ายครับ,pos,เข้าใจมากขึ้น
876,ไม่ต่างกับที่ผมเสียในยูทูปไป 150 บาท เลยครับ อาจารย์ TT จะร้องไห้,pos,ชมบ้างติบ้าง
877,ยอดเยี่ยม,pos,เข้าใจมากขึ้น
878,ดีครับ อธิบายให้ฟังได้ง่าย,pos,สอนดี
879,ดีมากๆ ครับ,pos,สอนดี
880,ชอบครับ ดีมากๆ,pos,สอนดี
881,ccc,pos,เข้าใจมากขึ้น
882,อธิบายเข้าใจง่าย น่าติดตาม เป็นคอร์สที่ทุกคนควรจะได้เรียน,pos,เข้าใจมากขึ้น
883,"เป็นคอร์สที่แนะนำทิศทางสายงานด้าน UX โดยตรงดีค่ะ เน้นในเรื่องทฤษฎีพื้นฐานที่จำเป็นต้องรู้ แต่อยากให้ลง detail บางเรื่องอีก เช่น อยากให้มี work shop การฝึกตั้งคำถามหรือสัมภาษณ์ User ช่วง emphatize ค่ะ 
แล้วก็อยากเห็นตัวอย่างวิธีการใช้ usability testing เช่น ตัวอย่างแบบสอบถาม a/b testing หรือตัวอย่างอื่นๆ โดยรวมถือว่าดีค่ะ ถ้าเห็นภาพชัดๆมากกว่านี้ก็จะดีไปอีกขั้นค่ะ ชื่นชมผู้ส่วนค่ะอธิบายเข้าใจง่าย น้ำเสียงเป็นมิตร เพลินดีค่ะ",pos,แนะนำคอร์ส
885,"อันนี้รีวิว หลังจากดูจบแล้วครับ
เกรินก่อน ผมเองศึกษา EA มาแล้วบ้างพอสมควรครับ สมัครเรียนมาแล้วทั้งคอร์สลักษณะเดียวกันกับอ.รังสรรค์ และคอร์สที่ใช้ FXDreema มาช่วยในการเขียน EA ก็สมัครมาแล้ว
ปัญหาใหญ่สุดของคอร์สเหล่านั้นคือ สกิลการสอน และการจัดลำดับเนื้อหาที่จะสอนครับ
แต่คอร์สนี้ของอ.รังสรรค์นั้น ท่านสอนเข้าใจง่ายมากครับ เนื้อหาก็จัดลำดับมาอย่างดีทำให้ง่ายต่อการเรียนรู้เป็นอย่างยิ่งครับ
จนอยากให้มีคอร์สเสริมออกมาอีกครับ เพราะจะได้ตามเรียนเพื่อพัฒนาสกิลในการเขียน EA เพิ่มมากขึ้นไปอีกครับ",pos,ชมบ้างติบ้าง
886,"อ.บอย สอนได้ละเอียดมากครับ
แต่ถ้าเอาไปเขียนเอง คงทำได้ยากครับ รายละเอียดมากต้องศึกษาอีกนานแน่..ครับ",pos,ชอบมาก
887,สอนได้ละเอียดกระชับและชัดเจน เข้าใจได้ง่ายครับและเนื้อหาครบถ้วนแถมมีทริคและคำแนะนำที่ดีเสริมเข้ามาในการสอนครับ ประทับใจและชิอบมากครับ,pos,ชัดเจนเห็นภาพ
888,ดีสุดๆเลยครับ,pos,สอนดี
